"0","RER_range <- quantile(RER_UET,c(0.025,0.975),na.rm = TRUE)"
"0","RER_range <- c(RER_range[1],RER_UET_median,RER_range[2])"
"0","#RER_range <- round(RER_range,2)"
"0",""
"0","## ----summary_tbl"
"0","print(rbind(Scrit = round(Scrit),Smsy = round(Smsy),RER_range = RER_range))"
"1","         "
"1","       2.5%"
"1","     50%"
"1","    97.5%"
"1","
Scrit    "
"1"," 4800.00000"
"1"," 4800.00"
"1","  4800.00"
"1","
Smsy     "
"1"," 6124.00000"
"1"," 8825.00"
"1"," 18437.00"
"1","
RER_range"
"1","    0.39475"
"1","    0.48"
"1","     0.55"
"1","
"
