"0","## age comp data"
"0","dat_age <- read_csv(file.path(datadir, fn_age))"
"2","
[36m--[39m [1m[1mColumn specification[1m[22m [36m------------------------------------------------------------------------------------------------------[39m
cols(
  year = [32mcol_double()[39m,
  age2 = [32mcol_double()[39m,
  age3 = [32mcol_double()[39m,
  age4 = [32mcol_double()[39m,
  age5 = [32mcol_double()[39m
)

"
"0","## num of age classes"
"0","A <- age_max - age_min + 1"
"0",""
"0","# ## drop year col & first age_min+age_skip rows"
"0","# dat_age <- dat_age[-(1:(age_min+age_skip)),-1]"
"0","#       "
"0","# ## add row(s) of NA's for forecast years"
"0","# if(n_fore > 0) {"
"0","#   dat_age <- rbind(dat_age,"
"0","#                    matrix(0, n_fore, A,"
"0","#                           dimnames =list(n_yrs+seq(n_fore),"
"0","#                                          colnames(dat_age))))"
"0","# }"
"0","# ## total num of age obs by cal yr"
"0","# dat_age[,""sum""] <- apply(dat_age, 1, sum)"
"0","# ## row indices for any years with no obs age comp"
"0","# idx_NA_yrs <- which(dat_age$sum<A, TRUE)"
"0","# ## replace 0's in yrs w/o any obs with NA's"
"0","# dat_age[idx_NA_yrs,(1:A)] <- NA"
"0","# ## change total in yrs w/o any obs from 0 to A to help dmulti()"
"0","# dat_age[idx_NA_yrs,""sum""] <- A"
"0","# ## convert class"
"0","# dat_age <- as.matrix(dat_age)"
