{"chunk_definitions":[{"row":17,"row_count":1,"visible":true,"expansion_state":0,"options":{"engine":"r","label":"set_options","echo":false,"message":false},"document_id":"725ACE08","chunk_id":"c22zrah7kg0ts","chunk_label":"set_options"},{"row":94,"row_count":1,"visible":true,"expansion_state":0,"options":{"engine":"r","label":"load_pkgs","message":false,"warning":false},"document_id":"725ACE08","chunk_id":"c9mz20hrdtesh","chunk_label":"load_pkgs"},{"row":125,"row_count":1,"visible":true,"expansion_state":0,"options":{"engine":"r","label":"get_user_inputs","echo":false},"document_id":"725ACE08","chunk_id":"czo8wd6k2hdss","chunk_label":"get_user_inputs"},{"row":138,"row_count":1,"visible":true,"expansion_state":0,"options":{"engine":"r","label":"load_mod_fits"},"document_id":"725ACE08","chunk_id":"cqx5gs3di1zmm","chunk_label":"load_mod_fits"},{"row":145,"row_count":1,"visible":true,"expansion_state":0,"options":{"engine":"r","label":"load_covariates"},"document_id":"725ACE08","chunk_id":"c6to4vfuscjow","chunk_label":"load_covariates"},{"row":152,"row_count":1,"visible":true,"expansion_state":0,"options":{"engine":"r","label":"get_escapement_data"},"document_id":"725ACE08","chunk_id":"cgmfdh2zjde2f","chunk_label":"get_escapement_data"},{"row":159,"row_count":1,"visible":true,"expansion_state":0,"options":{"engine":"r","label":"get_harvest"},"document_id":"725ACE08","chunk_id":"cs36xb0xegt8u","chunk_label":"get_harvest"},{"row":164,"row_count":1,"visible":true,"expansion_state":0,"options":{"engine":"r","echo":false,"label":"unnamed-chunk-5"},"document_id":"725ACE08","chunk_id":"cw2l43e4nt5ai","chunk_label":"unnamed-chunk-1"},{"row":177,"row_count":1,"visible":true,"expansion_state":0,"options":{"engine":"r","label":"model_diagnostics"},"document_id":"725ACE08","chunk_id":"c0vlpz57kuayj","chunk_label":"model_diagnostics"},{"row":190,"row_count":1,"visible":true,"expansion_state":0,"options":{"engine":"r","label":"tbl_summary_stats"},"document_id":"725ACE08","chunk_id":"cb3inozhzjdbv","chunk_label":"tbl_summary_stats"},{"row":284,"row_count":1,"visible":true,"expansion_state":0,"options":{"engine":"r","label":"plot_S_R","fig.width":8,"fig.height":5,"fig.pos":"placeHere"},"document_id":"725ACE08","chunk_id":"cvg6qkljh1d70","chunk_label":"plot_S_R"},{"row":343,"row_count":1,"visible":true,"expansion_state":0,"options":{"engine":"r","label":"ref_pts"},"document_id":"725ACE08","chunk_id":"ciuujbmf8mcsp","chunk_label":"ref_pts"},{"row":387,"row_count":1,"visible":true,"expansion_state":0,"options":{"engine":"r","label":"plot_ref_pts","fig.width":8,"fig.height":4,"warning":false},"document_id":"725ACE08","chunk_id":"ctyurhkb4lijp","chunk_label":"plot_ref_pts"},{"row":395,"row_count":1,"visible":true,"expansion_state":0,"options":{"engine":"r","label":"table_ref_pts "},"document_id":"725ACE08","chunk_id":"coqemcl91dno1","chunk_label":"table_ref_pts"},{"row":415,"row_count":1,"visible":true,"expansion_state":0,"options":{"engine":"r","label":"plot_escapement","fig.width":6,"fig.height":4.5,"fig.pos":"placeHere"},"document_id":"725ACE08","chunk_id":"cimznuii9zrn9","chunk_label":"plot_escapement"},{"row":452,"row_count":1,"visible":true,"expansion_state":0,"options":{"engine":"r","label":"plot_innovations","fig.width":6,"fig.height":4,"fig.pos":"placeHere"},"document_id":"725ACE08","chunk_id":"cn2mudxvwhk7a","chunk_label":"plot_innovations"},{"row":642,"row_count":1,"visible":true,"expansion_state":0,"options":{"engine":"r","label":"VRAP_sim"},"document_id":"725ACE08","chunk_id":"cspcg70cnagom","chunk_label":"VRAP_sim"},{"row":666,"row_count":1,"visible":true,"expansion_state":0,"options":{"engine":"r","label":"plot_RER_profile","fig.width":8,"fig.height":4,"fig.pos":"placeHere"},"document_id":"725ACE08","chunk_id":"c56wgkr7c0z3c","chunk_label":"plot_RER_profile"},{"row":684,"row_count":1,"visible":true,"expansion_state":0,"options":{"engine":"r","label":"RER_posterior_dist"},"document_id":"725ACE08","chunk_id":"cqb16811lle1z","chunk_label":"RER_posterior_dist"},{"row":702,"row_count":1,"visible":true,"expansion_state":0,"options":{"engine":"r","label":"plot_RER_posterior_dist","fig.width":8,"fig.height":4,"fig.pos":"placeHere"},"document_id":"725ACE08","chunk_id":"crsn5te48cmt1","chunk_label":"plot_RER_posterior_dist"},{"row":713,"row_count":1,"visible":true,"expansion_state":0,"options":{"engine":"r","label":"tbl_RER_CI"},"document_id":"725ACE08","chunk_id":"cmdw6yf064s35","chunk_label":"tbl_RER_CI"}],"doc_write_time":1631034033,"chunk_rendered_width":700}