"","Mean","SD","Naive.SE","Time.series.SE","X2.5.","X25.","X50.","X75.","X97.5.","ESS","Rhat"
"E_BH_a",1.60082976088936,0.412335479770306,0.00651959638086225,0.0120134246382027,0.868563453015249,1.27533106884162,1.59657343249015,1.9282651416296,2.32478623843193,1093.25111421831,1.00088980515426
"Rec[1,1]",576.12217267149,180.621690617741,2.85587968591164,2.85663481438148,291.485055548591,449.374515079183,553.167671602793,673.85056549083,1003.41458074087,3961.6075987469,0.999883495710824
"Rec[2,1]",154.968655817179,129.289773664371,2.04425081473534,2.89408734071264,10.9223535794206,62.4126894765386,120.727554151491,209.552955740392,481.691680311529,1275.14518608249,1.00119177474451
"Rec[3,1]",315.224231425658,144.955273191884,2.29194411069149,2.4244941652159,103.321259253557,208.238141060642,291.846893445611,390.342436675657,657.897262764179,3127.32806409381,1.00090775692357
"Rec[4,1]",79.9052364574244,66.1824912148253,1.04643706731466,1.49952271174257,6.16391096601241,32.0009559166338,62.8059893259771,109.718385231628,251.742662399853,1393.44105698412,1.00079247429977
"Rec[5,1]",574.070746854074,154.497826355336,2.44282512414026,2.67278353535478,324.358565659418,462.185037916611,557.806386631972,665.461225303747,917.27836769272,3218.53222681341,0.999879402673981
"Rec[6,1]",279.484926934983,93.849981100598,1.48389849320823,1.6129380223988,130.249688535574,210.357257542369,267.314867742712,334.381068867819,494.530510545714,3112.8400551715,1.00175289069655
"Rec[7,1]",505.111978033722,153.234604951749,2.42285184001822,2.458929813862,258.497125447395,394.228245230574,483.933195074794,596.470893092697,860.048045325672,3703.79044025461,0.999929744005038
"Rec[8,1]",132.443194644571,65.099456338411,1.02931278234032,1.20518243911503,37.7265892185193,85.3793455063217,122.803374804197,167.376285725963,285.096841290996,2583.18558908708,0.999851487414583
"Rec[9,1]",540.509239781949,167.503102452313,2.64845659446922,2.85182020588054,274.357623833147,421.487563098932,517.692168962619,639.579902010212,924.264612954747,3369.10032950079,1.00033328704946
"Rec[10,1]",326.834815902233,105.034616667407,1.66074310915846,1.83122908679273,157.842527860434,250.551669622523,313.958587252111,389.881607048092,564.471816077899,3081.26324039671,1.00012025439136
"Rec[11,1]",1089.2890314753,244.006433055486,3.85808046094368,4.22612332341953,677.088774742086,916.317333640899,1067.55360808992,1243.65422899275,1613.27868464702,3235.6936417182,0.999791349100842
"Rec[12,1]",216.191571312872,86.3690384792656,1.36561440456602,1.63707703993099,84.9177404889778,154.257018471371,203.341890262546,264.978131029516,416.669354618477,3143.85917245491,1.00025776810064
"Rec[13,1]",1153.40174299349,259.909951337549,4.1095371638509,4.43747815269073,706.988809402666,969.818007943088,1129.63395451119,1311.76189750923,1713.34822715511,3160.43076036318,1.00059940293394
"Rec[14,1]",336.133794574304,106.148321020813,1.67835232114249,1.94159889547909,166.123517184148,259.209333194386,324.284064738861,400.071573642494,579.757284047708,2613.8258840163,0.999850859106305
"Rec[15,1]",266.364428802017,62.6089348912696,0.989934180667993,1.08866975247177,160.444420209601,222.209371709789,260.624522592076,304.028867423941,402.649929115122,3150.50193711684,0.999909216460873
"Rec[16,1]",409.713603410035,115.609800921508,1.82795145375299,2.18459315586514,222.420964909082,327.331457655604,396.374694657018,477.637469377875,670.393924182332,2932.49983455581,1.00055710119342
"Rec[17,1]",532.161627472935,164.769270239304,2.60523091179999,2.61744301055844,269.76152532581,416.911741365685,512.76355985492,628.639317182791,899.951306197099,3260.92925060095,0.999782593276501
"Rec[18,1]",452.641618544951,112.774853886514,1.78312700537038,1.88128228946859,271.334324148951,370.712317212522,440.065747864163,519.707952167129,704.666810954941,3409.74634458666,1.00048378414096
"Rec[19,1]",403.64284075104,112.084451355715,1.77221078287203,1.82360749619891,222.789838319145,325.454364032985,389.09913496452,470.06004944549,662.938114216452,3672.64616307034,0.99987070708537
"Rec[20,1]",333.823398417153,115.72744299682,1.82981153828626,2.04790967715439,150.62642929917,251.342692403807,318.402337241696,402.868562185001,591.893981396314,2920.56098919516,0.999784752964886
"Rec[21,1]",232.310718685202,87.8068792065906,1.38834866262052,1.49012054371965,96.0300812760661,168.737922975461,221.408975842435,280.21358198344,435.32333262279,3286.1649051836,1.00007459619337
"Rec[22,1]",832.056187180782,207.60678661355,3.28255151703686,3.28234576664204,484.913223471659,687.4727422294,807.783454784157,952.616006243386,1287.14019849538,3835.03948086934,0.999811874728412
"Rec[23,1]",866.928200571422,208.89543349966,3.30292681333583,3.43283237944112,524.01120027138,717.772516074114,845.876393588578,996.527747693422,1331.01246918074,3313.88174539479,1.0011183540157
"Rec[24,1]",113.069646887917,73.9953620208599,1.16996940137319,1.29993196208474,18.8417605011964,60.1849717898852,96.5250404770947,146.90344279206,302.370446716212,3031.34005719748,1.00030289957625
"Rec[25,1]",1083.65010989095,260.834777451872,4.12415994865523,4.2245857831247,653.275227079723,896.914757469447,1054.21040945798,1240.62635296516,1684.18362149164,3685.01679317269,0.999987165235711
"Rec[1,2]",3561.79936492961,886.227256685984,14.012483278252,14.2844821447253,2094.82762051667,2939.35712282168,3467.34733138254,4086.49795720692,5479.27212227398,3945.37354228536,0.999948846995891
"Rec[2,2]",3451.92941439951,691.397175319858,10.9319492090875,10.9269674931085,2283.02370714976,2964.60900988756,3368.73661664996,3873.47428498444,4957.28725644846,3807.07526429544,0.999936406303469
"Rec[3,2]",2764.82544914211,599.69171316554,9.48195853765745,9.65347689207163,1769.73028752991,2330.96480174634,2706.92040817614,3138.68346364775,4101.25661706591,3801.80137234566,1.0000703726487
"Rec[4,2]",1940.44752161159,360.70549022071,5.70325456812518,6.39415627036978,1319.80229670505,1681.12100306036,1915.59279482443,2161.62360412565,2696.08735330311,3136.6355567477,0.999858791332684
"Rec[5,2]",4263.73140131769,776.828344204487,12.2827345933172,13.7799029751307,2950.59605124808,3710.03241540614,4186.21853918195,4731.36342094351,5992.42807685655,2944.98830109014,1.0001082091758
"Rec[6,2]",4355.19437937399,776.615822835934,12.2793743354368,12.4122870628485,3025.13750076574,3808.53722461586,4283.62751344715,4822.05605414387,6063.41737736304,3667.38737501892,0.999798439679934
"Rec[7,2]",2053.53108282383,409.287939772753,6.47141054259858,6.69052805924454,1365.93055917268,1765.07807737726,2014.41071916957,2312.93441780844,2939.8369709001,3220.29644152378,1.00005955557687
"Rec[8,2]",2278.13916698913,437.7465532442,6.9213807306992,7.54614534767995,1538.96039568058,1960.35055864871,2242.03023659954,2547.06856258018,3229.9881341821,3346.1047301706,1.00019385592379
"Rec[9,2]",4651.53628372715,795.884108563871,12.5840326829728,13.1857515257298,3261.28025898497,4096.56342227049,4590.25103001617,5155.21445071334,6319.30692556915,3378.67240392937,1.00034884737918
"Rec[10,2]",5260.7365615799,924.461107227241,14.6170135353961,15.6377740871662,3684.39395046408,4608.20103649325,5184.05616437349,5815.20979944696,7334.84753490353,2984.46356136779,0.99993973127439
"Rec[11,2]",6157.32426220031,1075.91387457045,17.0116920490967,19.7038207530898,4294.97988446565,5410.17934426343,6064.51590314272,6813.51287596696,8492.62191345785,2935.25519025181,1.00124609315698
"Rec[12,2]",2468.38597387052,460.240369259849,7.27703919009033,8.6475079451536,1645.74313948822,2155.56529274621,2432.30748363427,2739.17620469257,3487.21342741756,2971.5308646544,0.999757678573301
"Rec[13,2]",5403.09234168978,903.969041851811,14.293005532659,15.9343823373906,3804.51381213608,4779.04037998777,5357.99763039656,5975.41276653726,7357.50954462103,3268.25355282288,0.999851011180825
"Rec[14,2]",7432.56199885953,1231.44446556431,19.47084661596,24.0924487246241,5357.68190431775,6584.70592642062,7321.04238791388,8173.04741459752,10139.9461429395,2781.07246111331,0.999808930177093
"Rec[15,2]",2203.33239288332,414.668051488229,6.55647757803388,8.20067350098426,1482.98758075278,1913.24516431329,2172.97109862894,2464.79617629976,3110.64595405244,2397.7831844419,0.999935179808407
"Rec[16,2]",2995.46959904134,578.920153643529,9.15353134444089,9.95079902808084,2017.27098432283,2595.05398852399,2943.87190790192,3332.44154263109,4262.47166317814,3219.04871858996,0.999866176506698
"Rec[17,2]",7470.59351376644,1229.00325460894,19.4322476816204,22.5685414541794,5337.20331935079,6602.71936998398,7378.81023239112,8213.4253892411,10120.8866678788,2919.56778604379,1.00008138990124
"Rec[18,2]",4841.78175260897,817.470050528442,12.925336393214,14.1432448655996,3394.3761791431,4276.48283267567,4766.01338515575,5342.81959445089,6622.58024790078,2909.82976702187,1.00008382628257
"Rec[19,2]",2312.41638545307,439.798377035382,6.9538229133865,7.05709041465899,1562.6097083114,2009.10600778282,2275.32746438317,2581.70717282848,3306.19728176581,3219.87056452343,1.0001954879737
"Rec[20,2]",5592.1992322845,947.464164065855,14.9807237991778,16.0277081751548,3987.44175619201,4929.58797633529,5520.76087155998,6166.0469466402,7681.49257271673,3416.00408763782,0.999787501474834
"Rec[21,2]",3954.76031494114,699.825391795757,11.0652110124715,12.2232397182256,2768.45207582105,3457.53658648041,3880.19376978105,4385.20236967927,5528.89874422634,3639.7488520431,1.00066117122867
"Rec[22,2]",5022.51036541059,887.252468028213,14.0286932928744,14.9562866597124,3486.80335747449,4398.07152602424,4958.75742115795,5566.44540169363,6894.86741734197,3026.29098978089,1.00047590604194
"Rec[23,2]",2767.55674685277,571.992550324778,9.04399631837392,9.04902163699807,1799.20137468804,2352.69146648875,2713.1681780871,3110.59219117348,4064.99980849144,3752.3079220343,0.999973579197401
"Rec[24,2]",4491.65752877699,865.525612102843,13.6851615372819,14.0104048025706,3049.1387546321,3899.12121207752,4401.14241993873,5003.79555522791,6407.84792164773,3668.89314564522,1.00018586585815
"Rec[25,2]",5235.12265871561,2429.28498174516,38.4103681397764,38.4244807757289,1977.18316300514,3539.18157870878,4750.05724524363,6373.37508947609,11140.9141072257,3625.61658253572,0.999900486203041
"Rec[1,3]",10566.8972804897,1903.952401153,30.1041307209503,29.7506658055205,7263.2745890093,9228.86229872647,10376.5685538653,11710.0741914133,14799.6484940297,4020.83999540553,0.999983485849084
"Rec[2,3]",9130.52091253364,1649.10240531538,26.0745984782938,26.7897301281792,6354.35939365921,7988.21506620939,8952.97987725086,10151.4766142119,12722.2032764608,3657.41687570581,0.999803799054673
"Rec[3,3]",10198.857953971,1690.56172380061,26.7301278615521,30.8796354391872,7177.64248761038,9031.95971057431,10078.4546173458,11287.1551124031,13823.6908189969,3061.09641879554,1.00004388526567
"Rec[4,3]",4287.15593728768,772.525165752389,12.2146953678833,13.507115985248,2989.71304586119,3751.71157253967,4203.73448258064,4752.52319213996,6043.22411264168,3011.43418776781,1.00053227952578
"Rec[5,3]",16689.7962299778,2755.64812574841,43.5706225366953,45.1762369102833,11903.1120631106,14710.8489044471,16477.7064096532,18385.980849363,22736.7006709595,3444.44482629245,0.999787709734257
"Rec[6,3]",14354.9085062581,2438.71291437608,38.559436843478,41.3653205474425,10153.3918375234,12661.448874661,14125.0670837959,15859.6714841048,19701.8200377545,2965.58703443387,1.00041403759487
"Rec[7,3]",10608.119571822,1802.63535236198,28.5021675210202,30.2135870386256,7561.69173109035,9349.68929320132,10493.2431680692,11664.3087816401,14583.7875899342,3272.2631419953,1.0003594971172
"Rec[8,3]",8215.68229729531,1324.45503230547,20.9414728027859,23.0205292886209,5888.49945588467,7283.07021433142,8121.61642486503,9042.56398915762,11022.0066721447,3278.16335275277,1.00069305062178
"Rec[9,3]",13344.4797191906,2224.83130681535,35.177671695927,38.5993967248157,9549.40802314441,11776.2269081194,13175.5348020315,14714.0799753545,18126.227486394,3104.85718878674,1.00005482172988
"Rec[10,3]",11918.3720199285,2003.10754375314,31.6719111826266,36.385227970551,8492.99638273909,10504.8770540758,11786.5908077494,13103.8574234278,16235.197834869,2956.74810264886,1.00004809259532
"Rec[11,3]",14139.458842916,2370.51569097453,37.4811440632367,43.9316352006795,9869.06750466053,12488.4283835248,13996.2085196349,15606.5358635786,19391.1102098988,2891.39632933773,0.999972195310358
"Rec[12,3]",7596.78965866223,1221.77540407745,19.3179653302866,21.837904315894,5385.70375528943,6753.24345633228,7543.14241965466,8344.5059457568,10219.934613955,3210.36327803573,0.999782844987484
"Rec[13,3]",13474.7678774067,2217.81058665544,35.0666643633272,43.9017020155492,9673.40072921171,11884.5616369248,13290.439373863,14829.4286029423,18441.2315830402,2719.90685864327,0.999806043983788
"Rec[14,3]",19324.1095693827,3339.92719250871,52.8088857372959,66.9712438091875,13514.5510824494,16979.5698289771,19095.1736603677,21363.309076577,26492.2672831814,2446.44114238622,1.00002787001477
"Rec[15,3]",6220.29476452404,1130.33761386908,17.8722069239311,21.0634146372348,4232.18559521836,5428.45408344879,6146.68863824674,6912.57253830949,8624.10378467973,3050.68929815227,0.999861499381557
"Rec[16,3]",9186.5634908961,1509.31564897109,23.8643757944191,27.3644868670481,6617.14132738992,8132.73255015084,9056.27431875983,10127.771225889,12371.0166737853,2919.66893965862,1.0012890225079
"Rec[17,3]",15335.818189553,2460.82227772864,38.9090165725297,42.60814141281,10971.6508400921,13631.1079706176,15170.1429839742,16893.8516007662,20513.4986549329,2897.95524138487,1.00020164459684
"Rec[18,3]",14158.8161735499,2406.94755079871,38.0571823454387,41.8076580677013,10058.8745642576,12465.3526196993,13912.0229757873,15598.2536319197,19478.8520890813,3052.85635110377,0.999901149248713
"Rec[19,3]",7749.08386006122,1264.9298892027,20.0002976515248,21.1066773598752,5563.32216026488,6846.14410906355,7651.66398994183,8531.93720302418,10485.0588605035,3276.92080628865,1.00049138232392
"Rec[20,3]",12847.1980389612,2085.43988968573,32.9736998738859,41.4857844138255,9174.80094747514,11389.2289184271,12652.9273398531,14129.3260730168,17325.9841022806,3160.15217635558,1.00041398335777
"Rec[21,3]",11446.1559461552,1942.02092653924,30.7060469578727,34.1176449157766,8075.42910806476,10104.0033340559,11274.9472141361,12659.8282972928,15507.7880444851,3038.59126157523,1.00058791498196
"Rec[22,3]",17233.874400802,3105.07703759892,49.0955787455043,49.7881636694546,12110.1229192395,15061.8521785934,16883.9880246746,19024.5378974089,24073.2936579484,3751.01675525281,1.00055682344562
"Rec[23,3]",11797.3228593296,2140.76266118045,33.8484296958677,35.7693850374363,8224.49061803938,10289.7357152339,11623.0293960692,13026.1037402715,16627.9655679995,3482.04410336275,1.00011039163059
"Rec[24,3]",12000.6245997248,3775.4600415237,59.695264730844,60.4026920297246,6365.50395905499,9374.13630949776,11383.4844584791,14026.3329474602,20632.5048805912,3573.7117343143,1.00140807614095
"Rec[25,3]",15079.1326854974,5899.52740041529,93.2797185194224,95.5041851039764,6834.79277087481,11022.0686136074,13989.179296503,17876.9948609854,29637.3324135377,3621.75834627846,0.999794595324925
"Rec[1,4]",2467.42906224451,555.001504661767,8.77534429775871,8.94209094725152,1544.00695555375,2076.96790650511,2412.82796712582,2792.3755109044,3674.45346942254,3850.09545997366,1.00127773300152
"Rec[2,4]",2296.30120929013,426.360396280811,6.74134978169674,7.37699771744863,1561.81583308357,1995.61307692994,2272.85869861781,2563.37625692325,3223.58603392046,3307.07981422601,0.999992126705088
"Rec[3,4]",3171.78375637008,589.811308561602,9.32573562389517,10.3011831345916,2177.82425356407,2760.31078451523,3111.75537456647,3526.59728411624,4472.44507515098,2997.30801335459,0.999860419279079
"Rec[4,4]",1259.93435592755,270.567548069255,4.2780485641297,4.45356031654923,803.470312887092,1069.35851033391,1236.77341997954,1413.45216427778,1849.46325087355,3573.50224909152,1.000505447512
"Rec[5,4]",5305.66679755997,943.113500303143,14.9119337650592,15.3692525240235,3692.07459993873,4640.28941035924,5209.66830743709,5880.90107076339,7387.7346695347,3288.26277092265,1.00021749641369
"Rec[6,4]",5289.83075402388,945.963677079895,14.9569990168024,15.4596702728256,3661.39384332162,4638.69289218281,5214.71039009901,5859.19714693521,7364.11538447003,3358.85661917684,1.00011880224919
"Rec[7,4]",2859.13919028258,509.304296379746,8.05280799334723,8.34934557768557,1989.41204091296,2499.22005710446,2819.046912408,3163.40751232657,3985.56127057521,3328.39659098326,1.00062552776852
"Rec[8,4]",3512.16017912187,630.604203737878,9.97072792944281,11.1285916899996,2451.42756911494,3061.89247837476,3459.23198507951,3898.85139360272,4850.81291402117,3119.44743415968,1.00027192701377
"Rec[9,4]",6364.86513654319,1120.4495715597,17.7158632474424,19.675886750867,4439.86751802217,5582.97433541128,6274.76775921272,7036.97382332732,8816.35058856173,3088.71287027627,0.999936841503108
"Rec[10,4]",4229.51706211217,766.28693986616,12.1160603560877,13.8879106503929,2881.67606040976,3690.37411030285,4186.89239522103,4697.59356559539,5863.56436213488,2951.85153600483,0.999754454063444
"Rec[11,4]",3697.1815019656,637.633721546936,10.0818743650895,10.9290474134231,2577.09851896677,3249.99918578048,3650.99748758961,4104.54502905077,5082.69051091009,3378.58041590071,0.999880553603653
"Rec[12,4]",1635.79793900794,286.259559580469,4.52616105135478,5.25005800694576,1152.64472662809,1433.15478886815,1610.12727986822,1807.98886869302,2270.05616919708,2725.70863998023,1.00007446018353
"Rec[13,4]",2490.56972448082,472.042302122827,7.46364413328734,9.61659974357177,1666.68276075096,2155.97370212061,2464.36775751773,2776.53179028846,3526.70080644988,2545.05551268155,0.999977982504853
"Rec[14,4]",5168.29305048064,954.597675834536,15.093514523701,17.5203929762026,3531.86214957901,4501.62281134096,5097.84249500427,5744.59789179194,7259.29846528524,2953.69363731274,0.999903173956256
"Rec[15,4]",896.862475226963,185.154472303242,2.92754925722404,3.32791078538673,582.525871802725,763.397483284106,878.46412277019,1011.41588769882,1304.51969034299,2958.9533628398,1.00054549658658
"Rec[16,4]",2531.78790507284,449.431304454513,7.1061328692842,7.1313928707217,1769.27968013661,2214.53109866559,2491.46814886174,2798.07915765025,3522.44856501649,3173.55196962796,0.999983177546554
"Rec[17,4]",4072.82635838884,751.371091465293,11.8802200851851,13.0711548672032,2812.73757723966,3539.76600567501,3994.30856032752,4512.28384523548,5721.51775862102,3084.19660400507,0.999776161273952
"Rec[18,4]",3018.75498211239,545.342448939482,8.62262121711419,8.97302453103205,2084.44234710312,2644.52638972189,2972.05687230113,3359.42661169175,4189.18663996172,3449.99506907962,1.00018170536573
"Rec[19,4]",2019.3990264298,386.008004432745,6.10332244531923,7.28391140572277,1358.94996844378,1747.22200335401,1979.8498643846,2248.82572763421,2880.64675336972,3611.51201975609,0.999892886128397
"Rec[20,4]",3374.05999594273,623.067961749812,9.85156948104038,10.5750898225768,2309.40156496982,2948.56033254952,3322.40456659365,3749.93072843671,4708.6788771099,3187.22364175579,0.999868101022982
"Rec[21,4]",1438.36593976361,342.445507503689,5.41453889101969,5.25707263052076,876.49345828052,1195.94507938688,1403.4534577107,1644.14356255774,2202.05794454242,3897.14590475189,0.999766240106943
"Rec[22,4]",1173.98847123832,294.089273015955,4.64995969076756,4.84481906323453,693.200572856542,963.851136138469,1140.98755252056,1347.48038665156,1859.62726934395,3604.65710563968,0.999896266483381
"Rec[23,4]",2863.25351781249,1144.47285227006,18.095704667014,18.4177245159604,1124.00577160108,2051.91815606653,2694.81483186906,3518.5898428787,5453.5521194488,3737.19551501871,1.00066081104631
"Rec[24,4]",3072.31947055633,1359.96246511083,21.5028946104374,21.98835839154,1143.46281319686,2134.21156266744,2806.94608603857,3762.29262409539,6395.13112688959,3791.08848416004,1.00016402582045
"Rec[25,4]",3869.24945411972,1948.39782189774,30.8068745265397,31.4177538176917,1353.10188802041,2520.48312402649,3478.43222954105,4773.10221559526,8661.86284691024,3757.88005946599,1.00030467248675
"Run[1,1]",576.12217267149,180.621690617741,2.85587968591164,2.85663481438148,291.485055548591,449.374515079183,553.167671602793,673.85056549083,1003.41458074087,3961.6075987469,0.999883495710824
"Run[2,1]",154.968655817179,129.289773664371,2.04425081473534,2.89408734071264,10.9223535794206,62.4126894765386,120.727554151491,209.552955740392,481.691680311529,1275.14518608249,1.00119177474451
"Run[3,1]",315.224231425658,144.955273191884,2.29194411069149,2.4244941652159,103.321259253557,208.238141060642,291.846893445611,390.342436675657,657.897262764179,3127.32806409381,1.00090775692357
"Run[4,1]",79.9052364574244,66.1824912148253,1.04643706731466,1.49952271174257,6.16391096601241,32.0009559166338,62.8059893259771,109.718385231628,251.742662399853,1393.44105698412,1.00079247429977
"Run[5,1]",574.070746854074,154.497826355336,2.44282512414026,2.67278353535478,324.358565659418,462.185037916611,557.806386631972,665.461225303747,917.27836769272,3218.53222681341,0.999879402673981
"Run[6,1]",279.484926934983,93.849981100598,1.48389849320823,1.6129380223988,130.249688535574,210.357257542369,267.314867742712,334.381068867819,494.530510545714,3112.8400551715,1.00175289069655
"Run[7,1]",505.111978033722,153.234604951749,2.42285184001822,2.458929813862,258.497125447395,394.228245230574,483.933195074794,596.470893092697,860.048045325672,3703.79044025461,0.999929744005038
"Run[8,1]",132.443194644571,65.099456338411,1.02931278234032,1.20518243911503,37.7265892185193,85.3793455063217,122.803374804197,167.376285725963,285.096841290996,2583.18558908708,0.999851487414583
"Run[9,1]",540.509239781949,167.503102452313,2.64845659446922,2.85182020588054,274.357623833147,421.487563098932,517.692168962619,639.579902010212,924.264612954747,3369.10032950079,1.00033328704946
"Run[10,1]",326.834815902233,105.034616667407,1.66074310915846,1.83122908679273,157.842527860434,250.551669622523,313.958587252111,389.881607048092,564.471816077899,3081.26324039671,1.00012025439136
"Run[11,1]",1089.2890314753,244.006433055486,3.85808046094368,4.22612332341953,677.088774742086,916.317333640899,1067.55360808992,1243.65422899275,1613.27868464702,3235.6936417182,0.999791349100842
"Run[12,1]",216.191571312872,86.3690384792656,1.36561440456602,1.63707703993099,84.9177404889778,154.257018471371,203.341890262546,264.978131029516,416.669354618477,3143.85917245491,1.00025776810064
"Run[13,1]",1153.40174299349,259.909951337549,4.1095371638509,4.43747815269073,706.988809402666,969.818007943088,1129.63395451119,1311.76189750923,1713.34822715511,3160.43076036318,1.00059940293394
"Run[14,1]",336.133794574304,106.148321020813,1.67835232114249,1.94159889547909,166.123517184148,259.209333194386,324.284064738861,400.071573642494,579.757284047708,2613.8258840163,0.999850859106305
"Run[15,1]",266.364428802017,62.6089348912696,0.989934180667993,1.08866975247177,160.444420209601,222.209371709789,260.624522592076,304.028867423941,402.649929115122,3150.50193711684,0.999909216460873
"Run[16,1]",409.713603410035,115.609800921508,1.82795145375299,2.18459315586514,222.420964909082,327.331457655604,396.374694657018,477.637469377875,670.393924182332,2932.49983455581,1.00055710119342
"Run[17,1]",532.161627472935,164.769270239304,2.60523091179999,2.61744301055844,269.76152532581,416.911741365685,512.76355985492,628.639317182791,899.951306197099,3260.92925060095,0.999782593276501
"Run[18,1]",452.641618544951,112.774853886514,1.78312700537038,1.88128228946859,271.334324148951,370.712317212522,440.065747864163,519.707952167129,704.666810954941,3409.74634458666,1.00048378414096
"Run[19,1]",403.64284075104,112.084451355715,1.77221078287203,1.82360749619891,222.789838319145,325.454364032985,389.09913496452,470.06004944549,662.938114216452,3672.64616307034,0.99987070708537
"Run[20,1]",333.823398417153,115.72744299682,1.82981153828626,2.04790967715439,150.62642929917,251.342692403807,318.402337241696,402.868562185001,591.893981396314,2920.56098919516,0.999784752964886
"Run[21,1]",232.310718685202,87.8068792065906,1.38834866262052,1.49012054371965,96.0300812760661,168.737922975461,221.408975842435,280.21358198344,435.32333262279,3286.1649051836,1.00007459619337
"Run[22,1]",832.056187180782,207.60678661355,3.28255151703686,3.28234576664204,484.913223471659,687.4727422294,807.783454784157,952.616006243386,1287.14019849538,3835.03948086934,0.999811874728412
"Run[23,1]",866.928200571422,208.89543349966,3.30292681333583,3.43283237944112,524.01120027138,717.772516074114,845.876393588578,996.527747693422,1331.01246918074,3313.88174539479,1.0011183540157
"Run[24,1]",113.069646887917,73.9953620208599,1.16996940137319,1.29993196208474,18.8417605011964,60.1849717898852,96.5250404770947,146.90344279206,302.370446716212,3031.34005719748,1.00030289957625
"Run[25,1]",1083.65010989095,260.834777451872,4.12415994865523,4.2245857831247,653.275227079723,896.914757469447,1054.21040945798,1240.62635296516,1684.18362149164,3685.01679317269,0.999987165235711
"Run[1,2]",4461.41317620499,1172.76530978723,18.5430476988031,18.5408429853439,2574.17043115188,3619.37843227593,4339.10951214684,5096.76585803447,7119.00772065983,3785.05694891516,1.00027412337752
"Run[2,2]",3561.79936492961,886.227256685984,14.012483278252,14.2844821447253,2094.82762051667,2939.35712282168,3467.34733138254,4086.49795720692,5479.27212227398,3945.37354228536,0.999948846995891
"Run[3,2]",3451.92941439951,691.397175319858,10.9319492090875,10.9269674931085,2283.02370714976,2964.60900988756,3368.73661664996,3873.47428498444,4957.28725644846,3807.07526429544,0.999936406303469
"Run[4,2]",2764.82544914211,599.69171316554,9.48195853765745,9.65347689207163,1769.73028752991,2330.96480174634,2706.92040817614,3138.68346364775,4101.25661706591,3801.80137234566,1.0000703726487
"Run[5,2]",1940.44752161159,360.70549022071,5.70325456812518,6.39415627036978,1319.80229670505,1681.12100306036,1915.59279482443,2161.62360412565,2696.08735330311,3136.6355567477,0.999858791332684
"Run[6,2]",4263.73140131769,776.828344204487,12.2827345933172,13.7799029751307,2950.59605124808,3710.03241540614,4186.21853918195,4731.36342094351,5992.42807685655,2944.98830109014,1.0001082091758
"Run[7,2]",4355.19437937399,776.615822835934,12.2793743354368,12.4122870628485,3025.13750076574,3808.53722461586,4283.62751344715,4822.05605414387,6063.41737736304,3667.38737501892,0.999798439679934
"Run[8,2]",2053.53108282383,409.287939772753,6.47141054259858,6.69052805924454,1365.93055917268,1765.07807737726,2014.41071916957,2312.93441780844,2939.8369709001,3220.29644152378,1.00005955557687
"Run[9,2]",2278.13916698913,437.7465532442,6.9213807306992,7.54614534767995,1538.96039568058,1960.35055864871,2242.03023659954,2547.06856258018,3229.9881341821,3346.1047301706,1.00019385592379
"Run[10,2]",4651.53628372715,795.884108563871,12.5840326829728,13.1857515257298,3261.28025898497,4096.56342227049,4590.25103001617,5155.21445071334,6319.30692556915,3378.67240392937,1.00034884737918
"Run[11,2]",5260.7365615799,924.461107227241,14.6170135353961,15.6377740871662,3684.39395046408,4608.20103649325,5184.05616437349,5815.20979944696,7334.84753490353,2984.46356136779,0.99993973127439
"Run[12,2]",6157.32426220031,1075.91387457045,17.0116920490967,19.7038207530898,4294.97988446565,5410.17934426343,6064.51590314272,6813.51287596696,8492.62191345785,2935.25519025181,1.00124609315698
"Run[13,2]",2468.38597387052,460.240369259849,7.27703919009033,8.6475079451536,1645.74313948822,2155.56529274621,2432.30748363427,2739.17620469257,3487.21342741756,2971.5308646544,0.999757678573301
"Run[14,2]",5403.09234168978,903.969041851811,14.293005532659,15.9343823373906,3804.51381213608,4779.04037998777,5357.99763039656,5975.41276653726,7357.50954462103,3268.25355282288,0.999851011180825
"Run[15,2]",7432.56199885953,1231.44446556431,19.47084661596,24.0924487246241,5357.68190431775,6584.70592642062,7321.04238791388,8173.04741459752,10139.9461429395,2781.07246111331,0.999808930177093
"Run[16,2]",2203.33239288332,414.668051488229,6.55647757803388,8.20067350098426,1482.98758075278,1913.24516431329,2172.97109862894,2464.79617629976,3110.64595405244,2397.7831844419,0.999935179808407
"Run[17,2]",2995.46959904134,578.920153643529,9.15353134444089,9.95079902808084,2017.27098432283,2595.05398852399,2943.87190790192,3332.44154263109,4262.47166317814,3219.04871858996,0.999866176506698
"Run[18,2]",7470.59351376644,1229.00325460894,19.4322476816204,22.5685414541794,5337.20331935079,6602.71936998398,7378.81023239112,8213.4253892411,10120.8866678788,2919.56778604379,1.00008138990124
"Run[19,2]",4841.78175260897,817.470050528442,12.925336393214,14.1432448655996,3394.3761791431,4276.48283267567,4766.01338515575,5342.81959445089,6622.58024790078,2909.82976702187,1.00008382628257
"Run[20,2]",2312.41638545307,439.798377035382,6.9538229133865,7.05709041465899,1562.6097083114,2009.10600778282,2275.32746438317,2581.70717282848,3306.19728176581,3219.87056452343,1.0001954879737
"Run[21,2]",5592.1992322845,947.464164065855,14.9807237991778,16.0277081751548,3987.44175619201,4929.58797633529,5520.76087155998,6166.0469466402,7681.49257271673,3416.00408763782,0.999787501474834
"Run[22,2]",3954.76031494114,699.825391795757,11.0652110124715,12.2232397182256,2768.45207582105,3457.53658648041,3880.19376978105,4385.20236967927,5528.89874422634,3639.7488520431,1.00066117122867
"Run[23,2]",5022.51036541059,887.252468028213,14.0286932928744,14.9562866597124,3486.80335747449,4398.07152602424,4958.75742115795,5566.44540169363,6894.86741734197,3026.29098978089,1.00047590604194
"Run[24,2]",2767.55674685277,571.992550324778,9.04399631837392,9.04902163699807,1799.20137468804,2352.69146648875,2713.1681780871,3110.59219117348,4064.99980849144,3752.3079220343,0.999973579197401
"Run[25,2]",4491.65752877699,865.525612102843,13.6851615372819,14.0104048025706,3049.1387546321,3899.12121207752,4401.14241993873,5003.79555522791,6407.84792164773,3668.89314564522,1.00018586585815
"Run[1,3]",5019.42770492916,1303.33521987196,20.6075392475588,20.6050031874289,2969.53100399684,4102.79006325,4861.98612343228,5752.90331685548,7979.99561425652,3824.87954960016,1.00079531264428
"Run[2,3]",7118.20060727315,1924.17349768208,30.4238543300405,30.8718588303083,4038.17841744902,5774.45715696561,6929.15961708486,8234.67595905744,11456.924986143,3821.14009873243,0.999862444017643
"Run[3,3]",10566.8972804897,1903.952401153,30.1041307209503,29.7506658055205,7263.2745890093,9228.86229872647,10376.5685538653,11710.0741914133,14799.6484940297,4020.83999540553,0.999983485849084
"Run[4,3]",9130.52091253364,1649.10240531538,26.0745984782938,26.7897301281792,6354.35939365921,7988.21506620939,8952.97987725086,10151.4766142119,12722.2032764608,3657.41687570581,0.999803799054673
"Run[5,3]",10198.857953971,1690.56172380061,26.7301278615521,30.8796354391872,7177.64248761038,9031.95971057431,10078.4546173458,11287.1551124031,13823.6908189969,3061.09641879554,1.00004388526567
"Run[6,3]",4287.15593728768,772.525165752389,12.2146953678833,13.507115985248,2989.71304586119,3751.71157253967,4203.73448258064,4752.52319213996,6043.22411264168,3011.43418776781,1.00053227952578
"Run[7,3]",16689.7962299778,2755.64812574841,43.5706225366953,45.1762369102833,11903.1120631106,14710.8489044471,16477.7064096532,18385.980849363,22736.7006709595,3444.44482629245,0.999787709734257
"Run[8,3]",14354.9085062581,2438.71291437608,38.559436843478,41.3653205474425,10153.3918375234,12661.448874661,14125.0670837959,15859.6714841048,19701.8200377545,2965.58703443387,1.00041403759487
"Run[9,3]",10608.119571822,1802.63535236198,28.5021675210202,30.2135870386256,7561.69173109035,9349.68929320132,10493.2431680692,11664.3087816401,14583.7875899342,3272.2631419953,1.0003594971172
"Run[10,3]",8215.68229729531,1324.45503230547,20.9414728027859,23.0205292886209,5888.49945588467,7283.07021433142,8121.61642486503,9042.56398915762,11022.0066721447,3278.16335275277,1.00069305062178
"Run[11,3]",13344.4797191906,2224.83130681535,35.177671695927,38.5993967248157,9549.40802314441,11776.2269081194,13175.5348020315,14714.0799753545,18126.227486394,3104.85718878674,1.00005482172988
"Run[12,3]",11918.3720199285,2003.10754375314,31.6719111826266,36.385227970551,8492.99638273909,10504.8770540758,11786.5908077494,13103.8574234278,16235.197834869,2956.74810264886,1.00004809259532
"Run[13,3]",14139.458842916,2370.51569097453,37.4811440632367,43.9316352006795,9869.06750466053,12488.4283835248,13996.2085196349,15606.5358635786,19391.1102098988,2891.39632933773,0.999972195310358
"Run[14,3]",7596.78965866223,1221.77540407745,19.3179653302866,21.837904315894,5385.70375528943,6753.24345633228,7543.14241965466,8344.5059457568,10219.934613955,3210.36327803573,0.999782844987484
"Run[15,3]",13474.7678774067,2217.81058665544,35.0666643633272,43.9017020155492,9673.40072921171,11884.5616369248,13290.439373863,14829.4286029423,18441.2315830402,2719.90685864327,0.999806043983788
"Run[16,3]",19324.1095693827,3339.92719250871,52.8088857372959,66.9712438091875,13514.5510824494,16979.5698289771,19095.1736603677,21363.309076577,26492.2672831814,2446.44114238622,1.00002787001477
"Run[17,3]",6220.29476452404,1130.33761386908,17.8722069239311,21.0634146372348,4232.18559521836,5428.45408344879,6146.68863824674,6912.57253830949,8624.10378467973,3050.68929815227,0.999861499381557
"Run[18,3]",9186.5634908961,1509.31564897109,23.8643757944191,27.3644868670481,6617.14132738992,8132.73255015084,9056.27431875983,10127.771225889,12371.0166737853,2919.66893965862,1.0012890225079
"Run[19,3]",15335.818189553,2460.82227772864,38.9090165725297,42.60814141281,10971.6508400921,13631.1079706176,15170.1429839742,16893.8516007662,20513.4986549329,2897.95524138487,1.00020164459684
"Run[20,3]",14158.8161735499,2406.94755079871,38.0571823454387,41.8076580677013,10058.8745642576,12465.3526196993,13912.0229757873,15598.2536319197,19478.8520890813,3052.85635110377,0.999901149248713
"Run[21,3]",7749.08386006122,1264.9298892027,20.0002976515248,21.1066773598752,5563.32216026488,6846.14410906355,7651.66398994183,8531.93720302418,10485.0588605035,3276.92080628865,1.00049138232392
"Run[22,3]",12847.1980389612,2085.43988968573,32.9736998738859,41.4857844138255,9174.80094747514,11389.2289184271,12652.9273398531,14129.3260730168,17325.9841022806,3160.15217635558,1.00041398335777
"Run[23,3]",11446.1559461552,1942.02092653924,30.7060469578727,34.1176449157766,8075.42910806476,10104.0033340559,11274.9472141361,12659.8282972928,15507.7880444851,3038.59126157523,1.00058791498196
"Run[24,3]",17233.874400802,3105.07703759892,49.0955787455043,49.7881636694546,12110.1229192395,15061.8521785934,16883.9880246746,19024.5378974089,24073.2936579484,3751.01675525281,1.00055682344562
"Run[25,3]",11797.3228593296,2140.76266118045,33.8484296958677,35.7693850374363,8224.49061803938,10289.7357152339,11623.0293960692,13026.1037402715,16627.9655679995,3482.04410336275,1.00011039163059
"Run[1,4]",1048.01063554173,316.647892021629,5.00664277539703,5.00573012977155,541.538360551445,830.146793456554,1004.3987112955,1216.63857818498,1780.59652134658,4206.69044509655,0.999885268529195
"Run[2,4]",2239.01491138239,754.436193600056,11.9286836052196,11.7409603953434,1075.54148739415,1697.48220534599,2135.97770621826,2683.12243094835,3990.25477065825,4045.663939601,0.999802395258935
"Run[3,4]",1627.29548886286,435.269126902655,6.88220918082631,7.31094743798111,925.274985082913,1324.42274414236,1572.19759444395,1873.12453087469,2621.56665423183,3985.94359946417,0.999811422058096
"Run[4,4]",2467.42906224451,555.001504661767,8.77534429775871,8.94209094725152,1544.00695555375,2076.96790650511,2412.82796712582,2792.3755109044,3674.45346942254,3850.09545997366,1.00127773300152
"Run[5,4]",2296.30120929013,426.360396280811,6.74134978169674,7.37699771744863,1561.81583308357,1995.61307692994,2272.85869861781,2563.37625692325,3223.58603392046,3307.07981422601,0.999992126705088
"Run[6,4]",3171.78375637008,589.811308561602,9.32573562389517,10.3011831345916,2177.82425356407,2760.31078451523,3111.75537456647,3526.59728411624,4472.44507515098,2997.30801335459,0.999860419279079
"Run[7,4]",1259.93435592755,270.567548069255,4.2780485641297,4.45356031654923,803.470312887092,1069.35851033391,1236.77341997954,1413.45216427778,1849.46325087355,3573.50224909152,1.000505447512
"Run[8,4]",5305.66679755997,943.113500303143,14.9119337650592,15.3692525240235,3692.07459993873,4640.28941035924,5209.66830743709,5880.90107076339,7387.7346695347,3288.26277092265,1.00021749641369
"Run[9,4]",5289.83075402388,945.963677079895,14.9569990168024,15.4596702728256,3661.39384332162,4638.69289218281,5214.71039009901,5859.19714693521,7364.11538447003,3358.85661917684,1.00011880224919
"Run[10,4]",2859.13919028258,509.304296379746,8.05280799334723,8.34934557768557,1989.41204091296,2499.22005710446,2819.046912408,3163.40751232657,3985.56127057521,3328.39659098326,1.00062552776852
"Run[11,4]",3512.16017912187,630.604203737878,9.97072792944281,11.1285916899996,2451.42756911494,3061.89247837476,3459.23198507951,3898.85139360272,4850.81291402117,3119.44743415968,1.00027192701377
"Run[12,4]",6364.86513654319,1120.4495715597,17.7158632474424,19.675886750867,4439.86751802217,5582.97433541128,6274.76775921272,7036.97382332732,8816.35058856173,3088.71287027627,0.999936841503108
"Run[13,4]",4229.51706211217,766.28693986616,12.1160603560877,13.8879106503929,2881.67606040976,3690.37411030285,4186.89239522103,4697.59356559539,5863.56436213488,2951.85153600483,0.999754454063444
"Run[14,4]",3697.1815019656,637.633721546936,10.0818743650895,10.9290474134231,2577.09851896677,3249.99918578048,3650.99748758961,4104.54502905077,5082.69051091009,3378.58041590071,0.999880553603653
"Run[15,4]",1635.79793900794,286.259559580469,4.52616105135478,5.25005800694576,1152.64472662809,1433.15478886815,1610.12727986822,1807.98886869302,2270.05616919708,2725.70863998023,1.00007446018353
"Run[16,4]",2490.56972448082,472.042302122827,7.46364413328734,9.61659974357177,1666.68276075096,2155.97370212061,2464.36775751773,2776.53179028846,3526.70080644988,2545.05551268155,0.999977982504853
"Run[17,4]",5168.29305048064,954.597675834536,15.093514523701,17.5203929762026,3531.86214957901,4501.62281134096,5097.84249500427,5744.59789179194,7259.29846528524,2953.69363731274,0.999903173956256
"Run[18,4]",896.862475226963,185.154472303242,2.92754925722404,3.32791078538673,582.525871802725,763.397483284106,878.46412277019,1011.41588769882,1304.51969034299,2958.9533628398,1.00054549658658
"Run[19,4]",2531.78790507284,449.431304454513,7.1061328692842,7.1313928707217,1769.27968013661,2214.53109866559,2491.46814886174,2798.07915765025,3522.44856501649,3173.55196962796,0.999983177546554
"Run[20,4]",4072.82635838884,751.371091465293,11.8802200851851,13.0711548672032,2812.73757723966,3539.76600567501,3994.30856032752,4512.28384523548,5721.51775862102,3084.19660400507,0.999776161273952
"Run[21,4]",3018.75498211239,545.342448939482,8.62262121711419,8.97302453103205,2084.44234710312,2644.52638972189,2972.05687230113,3359.42661169175,4189.18663996172,3449.99506907962,1.00018170536573
"Run[22,4]",2019.3990264298,386.008004432745,6.10332244531923,7.28391140572277,1358.94996844378,1747.22200335401,1979.8498643846,2248.82572763421,2880.64675336972,3611.51201975609,0.999892886128397
"Run[23,4]",3374.05999594273,623.067961749812,9.85156948104038,10.5750898225768,2309.40156496982,2948.56033254952,3322.40456659365,3749.93072843671,4708.6788771099,3187.22364175579,0.999868101022982
"Run[24,4]",1438.36593976361,342.445507503689,5.41453889101969,5.25707263052076,876.49345828052,1195.94507938688,1403.4534577107,1644.14356255774,2202.05794454242,3897.14590475189,0.999766240106943
"Run[25,4]",1173.98847123832,294.089273015955,4.64995969076756,4.84481906323453,693.200572856542,963.851136138469,1140.98755252056,1347.48038665156,1859.62726934395,3604.65710563968,0.999896266483381
"Sp[1]",7991.43960424533,2436.77784321272,38.5288406819243,39.4384653265632,4328.32569139901,6362.22251234631,7625.75000269799,9118.81224612656,13947.6057182893,3656.96882451486,0.999963506417705
"Sp[2]",6384.58970965171,1969.96386475269,31.1478636042319,30.875002769839,3620.14278695462,5056.9702746768,6100.33724389807,7283.08426834903,11116.414346399,3621.28157761461,1.00147815943236
"Sp[3]",5765.84763698491,1450.9042596094,22.9408106360297,22.9383243468659,3401.87571422033,4765.5126480602,5604.89290283066,6569.19620623425,9055.27755055925,3822.79423099375,1.00033826389698
"Sp[4]",5824.43265595374,1350.08402066568,21.3467026895069,21.3530248388416,3553.65755404456,4880.80403417425,5723.9552076288,6596.30462086251,8858.79531115708,3890.9593459899,0.999837177598935
"Sp[5]",11384.5991857092,1958.62729830625,30.968616750149,30.9588640618658,8030.37632080328,10037.6939685478,11209.6599679129,12560.5334816338,15639.9784725152,3924.12601981683,0.999782313687553
"Sp[6]",8088.41072202788,1380.53560595601,21.8281845289086,22.5792082477939,5727.83814372632,7120.41504625046,7963.13760943599,8956.65252714615,11093.6826283192,3661.04600506945,0.999808940561916
"Sp[7]",11489.8317197577,1845.535239742,29.1804742984481,33.5250194052035,8171.40706350581,10185.5436265151,11389.5168960065,12676.2984755462,15415.4220285785,3012.60482526994,1.00005156273281
"Sp[8]",7733.90344916265,1324.94003176688,20.9491413175959,23.8229812102851,5485.61288393515,6814.29738915497,7593.31231688687,8512.5124934154,10662.0354873778,2871.04195868532,1.00004428557694
"Sp[9]",15492.7285049235,2486.47213788972,39.3145764713989,40.8109657391544,11156.1676565539,13747.8194257301,15302.8090374675,17003.4714543329,20973.1612822436,3472.53138352235,0.999783467203235
"Sp[10]",15835.0843649835,2632.17628793802,41.6183613648566,44.5925219310771,11318.6449094828,13999.7288064175,15617.5734447388,17439.5670551402,21595.8234940581,2919.86389581687,1.00038781301187
"Sp[11]",13536.3668082984,2200.25983934588,34.7891626826457,39.05582691565,9727.39277731454,11979.5134300348,13371.1617153156,14852.4402960743,18308.5163118007,3208.57622254862,1.0003530955713
"Sp[12]",10407.9246184898,1631.56388334251,25.7972900971579,27.67516724993,7530.83507222643,9282.51157686761,10284.1898090533,11435.3165063594,13889.6367544524,3216.84898685582,1.0005607074952
"Sp[13]",15235.1858507423,2478.68783570289,39.1914958468718,43.7422283080594,10925.8716797845,13463.0122637806,15062.0247860997,16703.8038904062,20598.9127997575,2989.82482630352,0.999974725753216
"Sp[14]",14311.7894992734,2343.111379534,37.0478438539334,42.0472265404556,10241.3237411284,12672.8740606171,14138.9939268348,15717.6301827917,19324.534104463,2917.59823396128,0.999978015498223
"Sp[15]",14722.8771152905,2402.99586325021,37.9947006791659,44.1252954224665,10393.2170032811,13046.1585484404,14636.2395271619,16222.1685001901,19890.2293414156,2829.00183800467,0.999883490484927
"Sp[16]",9366.61385589235,1462.82325557896,23.1292665094606,26.3010297104739,6716.03392284322,8356.93258143171,9307.64506589499,10264.3386772506,12502.3348259765,3162.09390573432,0.999868911765753
"Sp[17]",12313.3857393579,2012.91830457619,31.8270329315264,39.4009205795253,8840.12958413701,10899.6082474133,12135.6939653879,13530.6330446194,16779.7890810335,2741.21252857637,0.999805061182184
"Sp[18]",9287.31074199932,1584.84684494077,25.0586288627226,32.0634181473931,6563.54426859486,8167.78847291109,9188.61149241459,10251.9567238382,12696.5424186614,2396.38263823333,0.999983338642009
"Sp[19]",9344.78284728189,1589.41880417892,25.1309178855327,29.8174002234367,6596.15834045393,8239.659125385,9262.24768492826,10287.9427670491,12813.8913638332,2938.34330619251,0.999949599995539
"Sp[20]",6854.78401200947,1100.05422010822,17.3933844261109,20.1241680721399,4958.64328544184,6086.39482832452,6778.97537810311,7537.61057085496,9259.63094498451,2874.52376672576,1.00077906860353
"Sp[21]",13644.832305857,2151.40984643394,34.0167764762216,37.2649781933952,9814.49929123603,12162.756661694,13447.7616825797,14996.9959729591,18287.9235677224,2893.52603312435,1.00015682915415
"Sp[22]",11623.6561514795,1928.25196343504,30.4883405357322,34.4781032953066,8277.7950444162,10270.2897282602,11438.160965813,12817.5528358556,15851.2364013668,2974.25513978192,0.999769362670546
"Sp[23]",9776.03699237906,1538.33169671528,24.3231597922583,25.8045892257758,7122.96751012425,8710.35224961532,9677.32092072852,10700.8638379281,13165.0106487605,3287.91737357573,1.00024685523129
"Sp[24]",11442.6041778384,1803.050202397,28.5087268760105,35.3949874639288,8279.12353789533,10173.8299213514,11293.1463439418,12542.3498974041,15339.0607459003,3476.58574641057,1.00106917166048
"Sp[25]",13113.8717421361,2160.76713798642,34.1647282464021,37.2365510467848,9339.90129491345,11628.3976808584,12958.248384877,14465.9413829319,17725.7912330733,2966.37847058656,1.00053425937726
"Sp[26]",13853.6855121765,2445.35944692437,38.6645277504532,39.742606505837,9781.04918546586,12138.6799222018,13608.1456150112,15258.0176339287,19327.242919436,3723.2654326163,1.00077910013168
"Sp[27]",11444.9862357891,2039.47060653216,32.2468616880335,34.0548224540061,8051.89307681764,10017.5988718911,11256.2826810628,12620.0880357438,15989.4642150079,3512.89553839547,1.00008744204418
"alpha",4.97146749600749,2.03073148940514,0.0321086841137316,0.0572275910332137,2.20238204008673,3.31016742501972,4.55633433687048,6.34680402275139,9.46779916333152,1100.99729962384,1.0006474784618
"beta",0.000169892399957052,0.000111166982920183,1.75770433318407e-06,3.06964270919921e-06,2.44110705202325e-05,7.92089130559086e-05,0.000144072567232451,0.000244509123083305,0.000417964103567534,1085.0110244729,1.00048387595688
"ln_RS[1]",0.796339478734388,0.302323454666701,0.00478015353418719,0.00478848603642309,0.175722408794058,0.610247157885937,0.794570379057891,0.995032338915252,1.3933193190778,3850.01306852888,0.999804908422144
"ln_RS[2]",0.888669447469963,0.292590503784507,0.0046262620684758,0.00465183667217808,0.304481409374135,0.700963814183898,0.891269225676091,1.08735974492829,1.45906101568096,3718.9974841305,1.00154290359525
"ln_RS[3]",1.06983039848755,0.257252252668606,0.00406751525820962,0.0040659631271226,0.565236220566412,0.894079875779456,1.06917753468237,1.24255443708285,1.5867543806426,3490.82333475983,1.00085654114191
"ln_RS[4]",0.278286685443383,0.243432598257343,0.0038490073361297,0.00384988800311768,-0.191874264406462,0.113491219219418,0.275368599525528,0.437333420749987,0.770141828586774,3873.88424875204,0.999771297977604
"ln_RS[5]",0.863470282073188,0.191122093748413,0.00302190563712607,0.00302168482199557,0.483939187848499,0.734427659568038,0.861479572679909,0.990503503979162,1.24731250974324,3798.63624238381,0.999915439277905
"ln_RS[6]",1.10494212324769,0.195254357402387,0.0030872424623205,0.00338437886698649,0.733902356553729,0.973580623142638,1.10282615797741,1.23197959327828,1.49152997787206,3085.657976767,0.999990774843026
"ln_RS[7]",0.336553385179979,0.186381084442891,0.00294694369805856,0.00293227626324525,-0.0182114808471301,0.208318227471806,0.33062571781508,0.457999278418716,0.708823143436418,3440.62733846155,0.999922382614824
"ln_RS[8]",0.609505157781691,0.194215714006434,0.00307082006828099,0.00324509214002775,0.23720739158365,0.482480883279842,0.61090857208406,0.737915931368041,1.00213543213811,3267.76218134059,0.999777628094485
"ln_RS[9]",0.478868377128646,0.186388616445402,0.00294706278947494,0.00329706233799694,0.110599917533675,0.356571908048483,0.480830090257999,0.602219635579921,0.835328670235293,3213.41106016299,1.00008381062178
"ln_RS[10]",0.321337780102513,0.199415787240333,0.00315304044537498,0.00373512622556261,-0.0751334017321226,0.189003896613814,0.325068510605436,0.452381044548214,0.707889830566395,2812.09482493256,1.00021325184521
"ln_RS[11]",0.621501840307388,0.176749506238841,0.00279465507512439,0.00304097151339426,0.274566010682824,0.510301676371324,0.62224532159228,0.737727961518564,0.96378197222235,3410.49978171996,1.00000754036323
"ln_RS[12]",0.13937076869277,0.181282812407376,0.0028663329392417,0.00319369560597138,-0.220316916421355,0.0167725090695678,0.141825394565926,0.259437600590447,0.500355627451497,3060.08752865201,1.00053285676352
"ln_RS[13]",0.396061956706816,0.189761705692478,0.00300039601333385,0.00353326732555039,0.0209299240199733,0.272269397388597,0.396846221456328,0.521896441191876,0.772010281511902,2839.5647409078,1.00070499183353
"ln_RS[14]",0.816964593885132,0.202784113761453,0.00320629836392442,0.00395832366657416,0.401556816858278,0.684012574865825,0.826862246127164,0.956938514646441,1.20002592157384,2625.97160499896,1.00014763309013
"ln_RS[15]",-0.426727425951239,0.211976544891344,0.00335164346194789,0.00423599749744473,-0.858683443861043,-0.561406183047625,-0.420468681685181,-0.285769617335856,-0.019785575813199,2439.82791819395,0.999952458292826
"ln_RS[16]",0.482758837068892,0.183811595022679,0.00290631650310067,0.00327262226239855,0.119634413392522,0.362436666073979,0.483957712966609,0.60471625206697,0.851917850550549,3047.01701940511,1.00037501366176
"ln_RS[17]",0.805776843663432,0.177090267148794,0.00280004297818941,0.0032137666786813,0.458746171288417,0.687397414460107,0.80426327664946,0.926466938141496,1.16860056496228,2899.29545137673,1.00007706675947
"ln_RS[18]",0.889291621888833,0.191513857944069,0.00302809997294596,0.0035145668420035,0.522378093175514,0.761306693705817,0.883042599378659,1.0089549376835,1.28791893942025,2879.84687498757,0.999894793103926
"ln_RS[19]",0.295507355644343,0.191592841895965,0.00302934881887891,0.003382928835882,-0.0588040687733363,0.163421388918578,0.290018318941413,0.425728836351932,0.671039158912983,3150.30274181205,1.0000805989416
"ln_RS[20]",1.17734651960022,0.186095098446314,0.00294242186241808,0.00333315174297638,0.813304211181479,1.05097801554648,1.17376591451353,1.29841012378896,1.54666737848946,3004.54638672189,0.999900677165804
"ln_RS[21]",0.226670999346458,0.188863213716754,0.00298618960782049,0.00313381805789161,-0.136240385142999,0.101894412278213,0.220270857000385,0.351168893524747,0.602811451184458,3388.07439291478,1.00007547079302
"ln_RS[22]",0.738610661716012,0.193837046808034,0.0030648328141703,0.00336390206550325,0.361941452275012,0.607113335122769,0.738664007395649,0.863766227523946,1.13160050060851,3252.60478296357,0.999761020168063
"ln_RS[23]",0.625685436230469,0.193679159751709,0.00306233640061506,0.00325456884736364,0.248289810500248,0.498189020378301,0.621659240469327,0.75091191489002,1.01716822670136,3271.51717369582,1.00012062970067
"ln_RS[24]",0.524008813586736,0.256925436298907,0.00406234783768524,0.00415731510430884,0.0188549894601537,0.352333209256786,0.521239691211275,0.689488624390917,1.03944133861485,3747.75224990639,1.00130596397655
"ln_RS[25]",0.610838821440858,0.339365610386675,0.00536584144177595,0.00556960982084144,-0.0328815383384662,0.385825848916878,0.605012998853018,0.830110301443388,1.28847732304034,3575.9731120582,0.999854098399772
"lp_age[1]",-9.56126637820518,1.23501292361991,0.0195272688919125,0.0192980272335947,-12.8083003102377,-10.095221856903,-9.23885661610313,-8.67698446332946,-8.18371572650232,4261.7999716541,1.00067343023887
"lp_age[2]",-6.39426905857342,1.27164301857074,0.0201064415466767,0.0230575887472877,-9.55473651038716,-7.0192724036751,-6.13764129559411,-5.4684332529461,-4.75002582234159,2511.89595449504,1.0002791753552
"lp_age[3]",-8.11135312395942,1.1204168587133,0.0177153460119255,0.0177006245054652,-10.9873579960559,-8.60698161086734,-7.80439327533992,-7.30039163915731,-6.86071393739883,4005.69062780694,1.00118460535632
"lp_age[4]",-6.97767980871276,1.19052949843588,0.0188239241833762,0.0238930902445168,-9.8280702498293,-7.59309531687305,-6.73570198762974,-6.1055123568795,-5.40078455650409,2125.48269615227,1.00014837329594
"lp_age[5]",-9.79274954280208,1.15786495333157,0.0183074523770616,0.0192736782652759,-12.7989008084076,-10.2946266490233,-9.48800112052982,-8.94944669719621,-8.49376339006911,3608.9880330157,1.00016249126608
"lp_age[6]",-10.0350425090236,1.2339014456788,0.0195096948825977,0.0192809677459356,-13.1768793468901,-10.6148457394301,-9.71723886194422,-9.12368951254052,-8.61737627583823,3910.63741259487,0.999799180000925
"lp_age[7]",-9.3607604400089,1.10659655421348,0.0174968278110429,0.0179430058800876,-12.251105403943,-9.86025327844004,-9.09450769472437,-8.54625210050824,-8.07949379194534,4096.59613196588,0.999796676875504
"lp_age[8]",-9.31846638156923,1.27309534895217,0.0201294049062785,0.0204841348005363,-12.4670082160869,-9.91479202992116,-8.99314244134075,-8.38329612680991,-7.83121640611644,3931.22501683127,0.999864073346604
"lp_age[9]",-9.77155866841466,1.26891090912194,0.0200632431033013,0.0200667135304929,-13.0303919969239,-10.3625588777636,-9.43167519871508,-8.84016272463975,-8.32729587596175,3817.39089307817,1.00011777321478
"lp_age[10]",-9.90570684184578,1.13462389608605,0.0179399789964306,0.0183357400744359,-12.8205438546809,-10.4373492006387,-9.6158454858155,-9.06301402159681,-8.59477671129472,3899.63950081325,0.999767389925304
"lp_age[11]",-10.8652429192338,1.3050449499482,0.0206345724536837,0.0206542695002737,-14.2533399160548,-11.4495319898374,-10.5274141281761,-9.91920257662537,-9.37808465008861,4155.71410904775,1.00063490001279
"lp_age[12]",-10.1340181971201,1.26998810921941,0.0200802751323202,0.0203229028375473,-13.3204930688795,-10.723044253893,-9.81096403956553,-9.20415963740561,-8.67405825176872,3881.73596542158,0.999922560609509
"lp_age[13]",-10.4564517488142,1.25199828806482,0.0197958310845821,0.0195603649620395,-13.7619654564269,-10.9957456651007,-10.1536699562992,-9.54256654404526,-9.05847426808937,3978.37938897907,1.00001207285005
"lp_age[14]",-10.1762616887531,1.17576245465157,0.018590436720047,0.019252861018129,-13.2145012190842,-10.6758987762178,-9.87978554336541,-9.33588430450754,-8.8476247422687,3875.31481415822,1.00057479872802
"lp_age[15]",-11.7202382692269,1.17700842515399,0.0186101372434721,0.0182230126500121,-14.8848163072836,-12.2661899772529,-11.4039001758083,-10.8693633835874,-10.3719149811997,4236.17074525428,1.00002619061121
"lp_age[16]",-10.1651832259063,1.17938934447008,0.0186477828832918,0.0189952539573655,-13.2029072969187,-10.718062451539,-9.8732813490692,-9.30287703805402,-8.83061893099962,3728.38020595713,0.999843580560603
"lp_age[17]",-9.60900837155804,1.13344378803604,0.0179213198498149,0.018154352221753,-12.5468738798253,-10.1190284790001,-9.3362679184238,-8.75823015614844,-8.30460551466465,3878.8092164574,0.999986186808306
"lp_age[18]",-10.5896300538215,1.27970006930128,0.0202338347043368,0.0202411486576322,-13.8480196664465,-11.1922243511631,-10.2521221441884,-9.64721043643704,-9.09007101288685,3996.0996405103,0.999863593319878
"lp_age[19]",-10.3825399009612,1.18461853205221,0.0187304635986508,0.0187324467885923,-13.5687713961154,-10.8763274186313,-10.0467800612028,-9.55177450580049,-9.07193972739853,3964.14451504043,0.999960623390512
"lp_age[20]",-9.57042162712754,1.11559025127861,0.0176390306475999,0.0172583995496084,-12.47133183936,-10.1013672968205,-9.29731137373665,-8.74236739900016,-8.28008453708139,3969.44484769523,0.999808831565492
"lp_age[21]",-9.75962771272821,1.19563095805318,0.0189045853422864,0.0186976120854558,-12.8575191496798,-10.304327402527,-9.44524436754728,-8.88677782599075,-8.39628660934923,4228.91863512737,1.00063035291596
"lp_age[22]",-9.92861012427442,1.1496076387394,0.0181768927697227,0.0180139498152556,-12.9145679321885,-10.4524609797671,-9.62577727181906,-9.08964940860858,-8.62952760643664,3830.91626274564,1.00023187191981
"lp_age[23]",-10.4795851054957,1.17444753145287,0.0185696459587665,0.0185753785252198,-13.5256301976771,-11.0353506853901,-10.1770034119477,-9.62288566277584,-9.13027036954541,4247.39257365196,1.00001674929213
"lp_age[24]",-8.34738753964593,1.54683208558995,0.0244575627414638,0.0244633174683008,-12.3903274430237,-9.07749020620861,-7.98909315385299,-7.20423420970519,-6.49571182507932,3816.24488528329,0.999862304923574
"lp_age[25]",-10.3830719322634,1.58524893653431,0.0250649864890407,0.0264800376193756,-14.4194187507277,-11.1476414153589,-9.9680729006875,-9.22340802410099,-8.5056523924917,3305.05702319094,0.999885713973341
"lp_esc[1]",-0.157343532962528,0.651620875803201,0.0103030306922591,0.0107703452777323,-1.89859875064207,-0.337705745090329,0.0259288727491864,0.227971928820927,0.564932894502117,3602.52644943305,1.0000140337668
"lp_esc[2]",-0.162958067417807,0.676607862367891,0.0106981096393013,0.0106624747161469,-1.97235568622171,-0.341334073140995,0.0140262320336156,0.225026808765145,0.574913969480096,3546.73421851985,1.00016200236088
"lp_esc[3]",-0.0523336631836027,0.501985631650268,0.00793708974346578,0.00790909596640322,-1.36698981182687,-0.210273268079916,0.0548643925291802,0.240853178473759,0.580969147235369,3585.52309197401,1.00066753012873
"lp_esc[4]",-0.206349643192622,0.639045544740323,0.0101041972498123,0.0103050145400913,-1.91621361740822,-0.431990758422864,-0.0373161017149787,0.202443851848346,0.558692683423424,2875.21623834507,0.99997223662864
"lp_esc[5]",0.0977800295238683,0.303807150451625,0.00480361282436294,0.00499403510297881,-0.609067074943264,-0.0613290947507486,0.129320415383454,0.292140552289358,0.595419460128712,3270.71605919005,1.00003968507984
"lp_esc[6]",-1.18261864741155,0.891600947896192,0.0140974487965854,0.0143337734369961,-3.27724062569085,-1.66686822711745,-1.04177449163926,-0.557601697823426,0.179744622310416,3785.36275567487,0.999914947002813
"lp_esc[7]",-0.196195606788689,0.514483959525829,0.0081347056586175,0.00881389721120193,-1.51298309248596,-0.404900658664514,-0.0843458815668185,0.129806127058783,0.494941293846671,3011.23165099948,1.00144855601021
"lp_esc[8]",-1.05473403603397,0.881526030527664,0.0139381503659727,0.0153330567615283,-3.17105727578345,-1.53041948641963,-0.884215704824374,-0.432589662546515,0.226926440739669,2869.56838404252,1.00084847192484
"lp_esc[9]",0.0828458782846098,0.313496279364435,0.00495681140390028,0.00512013026597128,-0.643629724766555,-0.0727474174625726,0.11372229284194,0.274478708635092,0.596889327193793,3269.52294777666,1.00014995360232
"lp_esc[10]",-0.026230806927675,0.405248350178583,0.00640753902294912,0.00665690193058892,-1.04118154862064,-0.201697445357686,0.0347744363493051,0.226316755607544,0.559557815694477,3191.97749486293,1.00094072077039
"lp_esc[11]",-0.373836570758333,0.575463702457439,0.00909888005259471,0.0095020840211171,-1.79489303674045,-0.662259013493184,-0.277775947094584,0.0256506315597659,0.467720165221268,3157.4697250341,1.00048537257695
"lp_esc[12]",0.0617785657676625,0.319164251802231,0.00504642991699276,0.00515036324977777,-0.682496079246975,-0.0844298694402879,0.0969536303008686,0.258894347360671,0.570911872563043,3572.67198113657,0.999993303897705
"lp_esc[13]",-0.777841287407114,0.722552343112208,0.0114245556646303,0.0126786197663597,-2.39652444394502,-1.18006751295271,-0.665911976183193,-0.28893883560021,0.361321722719042,3174.20757848072,1.00012308522295
"lp_esc[14]",-0.488503288129395,0.62190797830297,0.00983322853233981,0.0110814478996005,-1.94505590622831,-0.820253181235282,-0.3978635334026,-0.0639199222523919,0.514418107225255,2956.13835920833,1.000990232892
"lp_esc[15]",-0.318344076009852,0.563823325964269,0.00891482953989321,0.0106651498860647,-1.68883772909632,-0.599114718332001,-0.211307296611457,0.0673707418175506,0.492134673823776,2791.77430568944,1.00010641131337
"lp_esc[16]",0.102903167738695,0.302961605256461,0.00479024358095629,0.00541449784288012,-0.613384421668256,-0.0464638315822468,0.135811175086594,0.292215082974317,0.589783275120971,2978.20562044916,1.00073752147344
"lp_esc[17]",-0.00164979003827508,0.378160013868377,0.00597923481912466,0.00680047707844044,-0.937199656817389,-0.169909511293155,0.0551194451562445,0.240326411636799,0.582033160602187,2584.86191261421,0.999809652892536
"lp_esc[18]",-0.419394369836107,0.603801432847509,0.00954693891135669,0.0123173757806957,-1.89020889277684,-0.743020410293275,-0.328394522044559,0.00304130060503952,0.48694099870274,2447.08159443559,1.0004515691087
"lp_esc[19]",-0.110775554805848,0.448092056604923,0.00708495750150326,0.00816356167292301,-1.25788891262716,-0.316881707030345,-0.0428405222747409,0.181638163684731,0.561903510044418,2919.48972541545,1.0002433497096
"lp_esc[20]",-0.289489072546244,0.539515136209844,0.00853048331279545,0.00953508986860356,-1.6000376827172,-0.550525806260257,-0.201665308536437,0.0658609382961948,0.504882985585977,2913.12471941762,0.999995302265428
"lp_esc[21]",0.132629430388399,0.2621337751035,0.004144698904927,0.00436943383198773,-0.450242631412222,-0.0169666775586635,0.153276739749642,0.294482461336014,0.596723772542877,3410.63208110606,1.00019149186463
"lp_esc[22]",0.100229471536403,0.299504239700311,0.00473557783165004,0.00489523985788193,-0.602926826449309,-0.0493003891587484,0.125782580668415,0.287289675430917,0.617882656094232,3421.32521168408,1.00038252983565
"lp_esc[23]",0.116707086771199,0.278989250140318,0.00441120736572927,0.00470001491729095,-0.514493987460097,-0.0377371514961421,0.141180966218311,0.290484270848452,0.602806261257986,3196.32155076041,1.00041969261231
"lp_esc[24]",0.0496851306447215,0.331908273912545,0.00524793059909344,0.00563471097797627,-0.730904610216982,-0.114824056740845,0.086693688016,0.263029804532615,0.60216241861759,3276.5806232171,1.00019910353446
"lp_esc[25]",-0.634958580144175,0.693728917668302,0.0109688172927763,0.0116455682362035,-2.26707602258822,-0.980187263155562,-0.525782703621292,-0.152090818467527,0.356092175315366,2628.70396881378,1.00073417446036
"lp_esc[26]",0.0465948569185975,0.359132216193156,0.00567837892157189,0.00602628132251596,-0.830358287500646,-0.100418124368958,0.101651329386637,0.267057950342213,0.593530409928707,3494.63416948898,1.00005996248702
"lp_esc[27]",0.0535533774011408,0.350689691033299,0.00554489087802976,0.00587702897619392,-0.805046042386294,-0.0945050735927928,0.104019863973739,0.270732921711441,0.58081802053883,3635.43257898559,0.99979141567637
"mu_BH_a",1.52075291762386,0.40976422402946,0.00647894125792296,0.011819789973378,0.789539515526792,1.19699870627323,1.51651841306987,1.84795137501345,2.24789647906625,1100.99729962384,1.0006474784618
"phi",-0.297384753900835,0.300608051202188,0.00475303062391716,0.0049328928515602,-0.838288940749101,-0.520787076288433,-0.30734042598863,-0.0835268455206849,0.3019650202851,3575.09380430272,1.0001924443382
"pi_eta[1]",0.0271129344384979,0.00426454290965273,6.74283438701215e-05,8.01526881827711e-05,0.0195128104385943,0.0241726136765424,0.0268358858683741,0.0297636678507404,0.0362147495341086,2776.85412988524,0.999773742720396
"pi_eta[2]",0.210584646821317,0.0117620817060168,0.00018597484108006,0.000185969509566217,0.187712337035959,0.202813291280589,0.210505113596024,0.218380033497438,0.234009494168423,3961.7879211594,1.0003695289404
"pi_eta[3]",0.606715576216686,0.0143164762555056,0.000226363365175582,0.000226379642200785,0.577660677598454,0.597461075017762,0.607004819090752,0.616411471850851,0.63339071429545,3563.18590774153,1.00032127279253
"pi_eta[4]",0.155586842523499,0.0105111750070664,0.000166196269534831,0.00016066804375399,0.135886260548384,0.148432514665213,0.155357243970905,0.162336757719763,0.176539734483629,4031.05486705334,0.999825735248571
"pi_tau",61.2384869889555,14.2367262614209,0.225102407052119,0.250428207678342,37.1475644857796,50.9600346214581,60.044289640202,69.5052176855826,94.0469248896601,2979.26168396027,1.00031364121393
"pi_vec[1,1]",0.0339577846715522,0.0107379083637807,0.000169781238678594,0.000170888427993697,0.016866646959522,0.0262083379883183,0.0325707380465025,0.0398161602346731,0.0590781363956015,2860.72837651761,1.00003132960161
"pi_vec[2,1]",0.0103145165958271,0.00841844978161626,0.000133107378388272,0.000192090222329785,0.000756367725591515,0.00419761463138572,0.00812859876452818,0.0139056940610507,0.0319021699651955,1257.69424059308,1.00115777364417
"pi_vec[3,1]",0.0192725049621741,0.00871451891760564,0.000137788642461295,0.000148429639486545,0.0064832310295085,0.0127857910573249,0.0179234830057258,0.0239422851789788,0.0386635344159179,2850.22046668871,1.00142413566287
"pi_vec[4,1]",0.0105968170141506,0.00863090202239191,0.00013646654326256,0.000197810662994291,0.000816908142707515,0.00429316395975019,0.0084156236590644,0.0143638184028782,0.0333552223787864,1404.7178025619,1.00086056426146
"pi_vec[5,1]",0.0216099168216685,0.0059360059134006,9.38564944528705e-05,0.000102928772136926,0.0121113936433846,0.017322467412278,0.0208830118979489,0.0252106533213538,0.035310077275899,3204.01307683264,0.999903687865146
"pi_vec[6,1]",0.0116269021128325,0.00397487784881486,6.28483371160268e-05,6.9345460172289e-05,0.00534287267028041,0.00877849241155519,0.0111901796394272,0.0139031716281077,0.0211873408608107,3072.10262004788,1.00092801439312
"pi_vec[7,1]",0.0318084873782003,0.00967718130982234,0.000153009671347251,0.000163103741027778,0.0165447358803379,0.0248887344311975,0.0305059376203635,0.0375317833673949,0.0540345080901937,3492.22141453349,1.00032496983232
"pi_vec[8,1]",0.00946005742727594,0.00466327247703563,7.37328118870392e-05,8.84264666946758e-05,0.0026278208530141,0.00611879284386904,0.00866847156952213,0.0119997831395284,0.0207151340181424,2543.64032540017,0.999767521199846
"pi_vec[9,1]",0.0218763965043259,0.00673577578169956,0.000106501966391859,0.000113976231176341,0.0113088820185424,0.0170336950175248,0.0210953780499882,0.0257571067098154,0.0378859964517096,3368.09961579517,1.00014614381055
"pi_vec[10,1]",0.015201210964395,0.00497785679021538,7.87068266160779e-05,9.07504677297666e-05,0.00718176753133662,0.0115552674284778,0.0146540446767294,0.0182183562262125,0.0263359332164447,2808.4381940295,1.00017144746074
"pi_vec[11,1]",0.0436833216058501,0.00929646262080694,0.000146989980321841,0.00015976125401797,0.0280304124468836,0.037102114376659,0.0429961472913812,0.0493498339068539,0.0642877307183874,3349.42173240973,1.00019182002268
"pi_vec[12,1]",0.0182657642879577,0.00721264914261204,0.000114041996271573,0.000136196941697555,0.00718993644306791,0.0131920663203231,0.0171108611187004,0.0223259748349365,0.0357725843039244,2866.63928065709,1.00020825253409
"pi_vec[13,1]",0.051658549343346,0.0118435927119417,0.000187263643245531,0.000218123610833666,0.0317357983859523,0.0433269693018137,0.0505234311343529,0.0588881380867904,0.0777695080672661,2795.66978865021,1.00049928664632
"pi_vec[14,1]",0.0105462184644484,0.0034414475115649,5.44140629223187e-05,6.95086081342907e-05,0.00522001523825311,0.00801845696950912,0.0101349329884083,0.0125850733804871,0.0185175542957955,2289.72528618161,0.999907610633758
"pi_vec[15,1]",0.0281213939275097,0.0067332926910036,0.000106462705280679,0.000121120737788192,0.0168313007067728,0.0233159308575173,0.0274338146559244,0.0321970404414294,0.0431894929529007,2608.70137693213,0.999802649707424
"pi_vec[16,1]",0.0272772081808195,0.00752990462469574,0.000119058245889369,0.000137089813556758,0.0148477850176531,0.0219846951856355,0.0265016652644454,0.0316884313563924,0.0441129140697448,2721.00595971646,1.00027384084478
"pi_vec[17,1]",0.0195470632632573,0.00599279596324433,9.47544239825739e-05,0.000101750628740155,0.0098845057215643,0.0152708747271733,0.0188590120630408,0.0230674766566138,0.0331697645556562,3127.06671937324,1.00006106296198
"pi_vec[18,1]",0.0203586110634374,0.00521518762789941,8.24593566464641e-05,8.94621406483319e-05,0.0118534423457529,0.0166839421172765,0.0197741450988839,0.0234963165143806,0.0318642255683321,3159.77152558484,0.999795410805687
"pi_vec[19,1]",0.0325980057623167,0.00898464966813495,0.000142059784649912,0.000146986189515396,0.0179296971554959,0.0262873407013096,0.0314126817281763,0.0379290576234534,0.0524400141447351,3648.28081894101,1.00004081696439
"pi_vec[20,1]",0.0152066578073837,0.00529600659174763,8.373721666594e-05,9.69856214425605e-05,0.00677220818804409,0.0114247160227179,0.0145550787703841,0.0183045653115403,0.0274989896209697,2663.59103384767,0.999767663203328
"pi_vec[21,1]",0.0137642707898362,0.0052772812105042,8.34411423920189e-05,9.12453011342432e-05,0.0054826024677402,0.00998309650662776,0.0130457533521181,0.0167162059485449,0.0263325000614552,3176.34769836462,1.00022906415608
"pi_vec[22,1]",0.0347604563844261,0.00903901166069438,0.000142919323223077,0.000149766269841222,0.0205886034355963,0.0281852275455159,0.0336575295588556,0.0403100446358658,0.0547518906586261,3552.34015508933,1.00020015774678
"pi_vec[23,1]",0.0481603845082142,0.0121935277158323,0.000192796601472102,0.000201044663151047,0.0278276812690553,0.0396293610886489,0.046844814990792,0.0553086851711261,0.0761090945783768,3433.86804399641,1.00028435218292
"pi_vec[24,1]",0.00599125358165849,0.00403712650436916,6.38325747802013e-05,7.48168578543656e-05,0.000988393917634522,0.00313633223897204,0.00507855987130291,0.00789387213833403,0.0166029327421525,2902.86043724658,1.00109996806577
"pi_vec[25,1]",0.0471104593219906,0.0171093188996956,0.000270522084686021,0.000285381497250179,0.0212571119178195,0.0348296447965969,0.0444361210426084,0.0567277624659615,0.0877110494668475,3532.66862784471,0.999804388565524
"pi_vec[1,2]",0.207337961661009,0.0399692094137566,0.000631968690118571,0.000635111615678952,0.133484202686819,0.179727067527087,0.206357196236175,0.23315716854916,0.28989960167282,3345.77102689464,0.999758438811289
"pi_vec[2,2]",0.230243712291637,0.0359488297637166,0.000568400906354985,0.000578859867184133,0.164707019460701,0.205105057394083,0.229306377864863,0.253266164528698,0.302424737108441,3906.60477987498,1.00015771551095
"pi_vec[3,2]",0.168594342353869,0.0312520539450537,0.000494138360124102,0.000499725732007963,0.112596657151627,0.146449098490143,0.166887757330831,0.189341116551035,0.234020998437861,3432.48013223008,0.999809890619716
"pi_vec[4,2]",0.257296942291456,0.0376632247430466,0.000595507871074186,0.000641625758468225,0.190272041524489,0.231226736070439,0.25488386744242,0.281351724306069,0.334464845744963,3210.84422829652,0.999975064330096
"pi_vec[5,2]",0.15977873378431,0.0261141845717431,0.000412901512423684,0.000475616422757018,0.11300603377295,0.141829676501069,0.158422384173607,0.176313262772153,0.215728269667759,3034.07885312587,1.00001013168883
"pi_vec[6,2]",0.180170388104251,0.0272422777739271,0.000430738232082956,0.000444421760239027,0.131098066339671,0.161317548617179,0.178334375116686,0.197138795204745,0.236892082653432,3699.26131316293,1.00009303552182
"pi_vec[7,2]",0.128927171839273,0.0234394463265551,0.000370610187425904,0.000385108697409465,0.0874771931071598,0.11232094620823,0.127478589502145,0.144008138151821,0.178046619485151,3520.34457426375,0.99976831188849
"pi_vec[8,2]",0.161776500538966,0.027150280033228,0.000429283620081962,0.000443516759619822,0.113358533947566,0.142686601953266,0.160336192020007,0.178236204970155,0.22002805065794,3249.77454993598,0.999761791383204
"pi_vec[9,2]",0.187747542528519,0.0279586805580612,0.000442065554682705,0.000501276806401405,0.135989195638054,0.168176297548567,0.186853475974452,0.205853839185535,0.24441447892756,2774.24131213178,0.999880713266822
"pi_vec[10,2]",0.242524124816536,0.0310611736604818,0.00049112027782576,0.000528109092571191,0.184685082187728,0.221601172624373,0.241668093917612,0.262199080671852,0.305456311935461,3356.32645576272,1.00014945960557
"pi_vec[11,2]",0.245981596442878,0.0327305639164941,0.000517515655389212,0.000576021672717455,0.18651984577116,0.2227436738533,0.244678016605055,0.267240737504403,0.313779033319358,3252.50364397663,1.00036396422994
"pi_vec[12,2]",0.207858789895259,0.0327085124968887,0.000517166991831247,0.00059352612780687,0.148217262769917,0.185254042536705,0.206201037807411,0.228479083281326,0.275997328641894,3103.29352473261,0.999823322091051
"pi_vec[13,2]",0.240804909447571,0.0335193241376451,0.000529987049522088,0.000643345009775871,0.178377633707525,0.217788475910121,0.239306109954418,0.262710231516217,0.309647311119655,2685.91264174019,0.999925572844574
"pi_vec[14,2]",0.231580434092878,0.032034046021313,0.000506502740490019,0.00072788922562886,0.172595885973771,0.209637402877307,0.229964804139775,0.252377961767489,0.29813802569193,1874.30107652052,1.00003615146092
"pi_vec[15,2]",0.230823934354315,0.0338661270762536,0.000535470485448301,0.000604666817324275,0.168913913284679,0.207551353514615,0.228976009656417,0.25256332395063,0.301492039781129,3193.13969635919,0.999765085929667
"pi_vec[16,2]",0.198571927497422,0.0311002796725562,0.000491738598167566,0.000540311663914633,0.142191608174742,0.177111569976354,0.196980834993907,0.218506156021822,0.264735463728575,3331.94415647527,1.00006647632784
"pi_vec[17,2]",0.273224872648321,0.0350472399211692,0.000554145519266374,0.000650420482887641,0.206849871395971,0.249619802951081,0.271903470137772,0.295570142594599,0.347376175872279,3053.27103683238,1.00018318751266
"pi_vec[18,2]",0.216483306504318,0.030782670352643,0.000486716753882452,0.000562117763851685,0.160222981744493,0.19540569397861,0.214832988488925,0.236408957272076,0.282977668423324,2819.07971460177,1.00017891928785
"pi_vec[19,2]",0.185926317330632,0.0300487784395343,0.000475112903873443,0.000485216489604877,0.132984526721881,0.165325327513607,0.184170485638308,0.205257984271227,0.250115110564886,3091.03503770433,0.999857167942853
"pi_vec[20,2]",0.253170834325274,0.0331192594530688,0.000523661471448799,0.000543599522249637,0.191932901346038,0.230412036230467,0.251486225931741,0.274370175546293,0.324138234825073,3521.55197329831,1.00075617164361
"pi_vec[21,2]",0.232798381077015,0.0337217837141254,0.000533188216501043,0.000542183135146692,0.171426269349732,0.209422566507515,0.230700778487483,0.25526164610027,0.302061614077287,3530.95845294967,1.00037731548228
"pi_vec[22,2]",0.208602787354803,0.0327131258936398,0.000517239936038665,0.000538303717825274,0.150785929064485,0.185072085646303,0.207100951635702,0.22983344332659,0.278872432574747,3195.36090283725,1.00043045624889
"pi_vec[23,2]",0.152793185091013,0.0286905561410332,0.000453637523712981,0.000470643926821167,0.101693955959108,0.132616148333584,0.151352153805157,0.170860157221929,0.212531949106343,3561.55899464091,1.0000360748715
"pi_vec[24,2]",0.236119805373687,0.0484091065912547,0.000765415181611173,0.000798173639193971,0.148353426493639,0.202756670085892,0.233587489628662,0.267636692330497,0.339963052269253,3742.39996633777,1.00059436953363
"pi_vec[25,2]",0.206418146942788,0.0532798468508701,0.000842428347168495,0.000855539118609531,0.111522252697029,0.169181887544109,0.203335137872634,0.239743131392679,0.319564374836217,3794.32036842395,0.99981517577985
"pi_vec[1,3]",0.614085342678772,0.0453031484091757,0.000716305670748145,0.000734144276045178,0.523144062273675,0.583765898715253,0.61500592446204,0.644822459745597,0.701076574294592,3661.44444252191,1.00007729122823
"pi_vec[2,3]",0.605411385834834,0.0445454956303432,0.000704326128464813,0.000739698626467546,0.517339635538771,0.576505387663848,0.606620851711473,0.635365444871786,0.691693841161546,3585.99082147866,1.00022327886388
"pi_vec[3,3]",0.618577840115461,0.0423324868455966,0.000669335387256009,0.000725428672381911,0.534111670782378,0.590205667258412,0.619274215981523,0.647797395737364,0.700935742980093,3104.60876429059,0.99988997918041
"pi_vec[4,3]",0.564950167659035,0.0446886881063774,0.000706590200305148,0.000810402338132939,0.47336321039823,0.535262127094053,0.566445820645105,0.596012141468741,0.648521508716289,3026.3618617899,1.00011882036406
"pi_vec[5,3]",0.620129471482225,0.0391938184650802,0.00061970868274409,0.000693767538004871,0.537753387312191,0.595285567217857,0.620669058329882,0.646314618379912,0.695157116136405,3314.97871903064,1.00048482819012
"pi_vec[6,3]",0.589404932101336,0.0410198765780076,0.000648581196627489,0.000680359716340269,0.506648434172925,0.56212384247425,0.590476051055698,0.617698842086226,0.66729183885035,3088.81807579767,1.00049111437492
"pi_vec[7,3]",0.659744148502743,0.038467641111379,0.000608226810629442,0.00065823712290709,0.582857006524769,0.634693990372546,0.66049019545669,0.685535161455595,0.73353684618154,3406.61066939741,0.999798962053723
"pi_vec[8,3]",0.579829162288692,0.0414046332751841,0.000654664734167894,0.000740936102910028,0.494830312236825,0.552456797425795,0.58099873184634,0.607963418396626,0.658756239150938,2908.26994629405,0.999995271035892
"pi_vec[9,3]",0.534439945986738,0.0384923597327586,0.000608617646350337,0.000655840863447241,0.457313519343885,0.508399074911746,0.534839072098192,0.560430932425766,0.607023598573491,3513.77887887495,0.999848245538366
"pi_vec[10,3]",0.54700586107293,0.0390440618302874,0.000617340822440754,0.000648437269460401,0.467618165167869,0.521151000564789,0.547464110487001,0.572850775816376,0.622982782677579,3303.03152950066,1.00074169712847
"pi_vec[11,3]",0.561966350999812,0.0406520266233231,0.000642764978157524,0.000707613788627064,0.478235972254442,0.535828584793761,0.563719326153428,0.590125873182682,0.638026366937455,3110.69167139215,1.00008826004474
"pi_vec[12,3]",0.635725752612017,0.0392883177429434,0.000621202847520535,0.000721625556828358,0.556518144945962,0.610116643573603,0.636680168323152,0.662425740348733,0.711134054801843,3019.09206680042,1.00059317383794
"pi_vec[13,3]",0.596383962675511,0.0394558849618538,0.000623852317885218,0.000792545640981238,0.515472513832706,0.570581954605256,0.597249775090955,0.623221420248073,0.672212856967345,2273.8596351666,1.00004610051857
"pi_vec[14,3]",0.596961471977901,0.0399466912887334,0.000631612647300022,0.00079436210519351,0.51470105871872,0.570580622077814,0.598327575527455,0.623936133999281,0.671741952788992,2037.0694199203,1.00043002794076
"pi_vec[15,3]",0.646641166315631,0.0402937393815243,0.000637099959454206,0.000697697666153187,0.56380169711012,0.62019566877012,0.647955831775638,0.674490488633565,0.723485083075872,3297.0006653961,0.999792104848556
"pi_vec[16,3]",0.605802874716167,0.03927627498313,0.000621012434768911,0.000676694419963726,0.525642380946999,0.579514455137475,0.606699736346314,0.632455115544164,0.680189430073472,3185.23527321181,0.999792218938941
"pi_vec[17,3]",0.558054213509738,0.0397059762670054,0.000627806608621635,0.000724578525707491,0.479663701453378,0.531868058140848,0.559191558227139,0.585326913056875,0.631286820296415,2901.3933261735,1.00048432484575
"pi_vec[18,3]",0.627895530857021,0.0392757211399814,0.000621003677739831,0.000723243972733436,0.547342538410171,0.601989415374529,0.629087030302079,0.654734082754787,0.702321195633119,2747.79060717449,0.999838848773286
"pi_vec[19,3]",0.619062308470892,0.039266809484509,0.000620862772094752,0.000655060906772412,0.537996306336975,0.593789005942144,0.620666738493944,0.645953928237009,0.693333108041287,3564.68372075292,0.999955753452085
"pi_vec[20,3]",0.578641472666681,0.0393380031742331,0.000621988443167551,0.000637873386498111,0.498974252226068,0.552908950644817,0.579226765918671,0.605408159911178,0.654713923851512,3475.77277872656,0.999913343194518
"pi_vec[21,3]",0.668583556157653,0.0387595468380506,0.000612842245421087,0.000658416831382354,0.587552601959324,0.64302509443017,0.669658028106583,0.694997506609075,0.741923198058974,3351.98818037226,1.00076970593156
"pi_vec[22,3]",0.707816855793618,0.0380823115460879,0.000602134215248831,0.000642863951563018,0.6280992947747,0.683763548347584,0.709518431555599,0.734847231552024,0.775349495847033,3029.56706841024,1.00032228769925
"pi_vec[23,3]",0.644915064003113,0.0485944226457129,0.000768345285706591,0.000789293501082182,0.544931755588637,0.612945049971849,0.64604803832272,0.678235468477361,0.735926891564217,3588.97513667974,0.999805167940319
"pi_vec[24,3]",0.603496160101392,0.0617255119434658,0.000975966037406392,0.000975898678816781,0.476922867519729,0.563288440816998,0.60462123819005,0.646087259662328,0.718424690557993,3950.76425541806,1.00043670551872
"pi_vec[25,3]",0.59400362207367,0.063775669335376,0.00100838187200773,0.00102124041050187,0.467345547901853,0.551215175912138,0.595702105290326,0.637578973034448,0.716134288414062,3819.43087211562,0.999973551919
"pi_vec[1,4]",0.144618910988666,0.0289800808672788,0.000458215311582344,0.000466365684402128,0.0939994394358972,0.124200314800343,0.142411469079139,0.162736989326693,0.207744855573765,3793.84749494127,1.00009337440742
"pi_vec[2,4]",0.154030385277702,0.0270663357371984,0.000427956344221798,0.000470331613127863,0.105449686582424,0.134779476727204,0.152538207052169,0.171427912832439,0.212086428663786,3420.29139467621,0.999940884121147
"pi_vec[3,4]",0.193555312568496,0.0295523083871399,0.000467263023095296,0.000499534433144933,0.139868844545486,0.172994986348711,0.192595847194248,0.211989176000147,0.25594278616201,3467.62994931277,0.999789303603245
"pi_vec[4,4]",0.167156073035358,0.0306016537425779,0.000483854629971811,0.000504407751154516,0.112877243312086,0.145357941494403,0.165532397925708,0.187249549910676,0.23195281060084,3403.92420672497,1.00105068606043
"pi_vec[5,4]",0.198481877911797,0.0291378175495705,0.000460709347515345,0.000467836754704338,0.14350551778299,0.179098446496948,0.197064277614742,0.217293142737881,0.259758536287184,3436.94493672852,1.00022056878678
"pi_vec[6,4]",0.21879777768158,0.0328332282831143,0.000519138921554505,0.000568010037975024,0.15948526769382,0.195572101988494,0.217194403167957,0.240312665000694,0.285643772450333,3268.85557363409,0.999789858324265
"pi_vec[7,4]",0.179520192279784,0.0285892036341808,0.000452034999871872,0.000473847760164279,0.127831197276292,0.16006352398852,0.178276824831938,0.197541844225779,0.240904183533737,3496.9197899766,1.00018740417518
"pi_vec[8,4]",0.248934279745066,0.0349207741553979,0.000552145919937,0.000615529230970166,0.186753533882631,0.224524661441157,0.24722225029886,0.271648618279813,0.322837543023246,2866.38199745368,1.00005054174064
"pi_vec[9,4]",0.255936114980417,0.0327341188727325,0.000517571864182691,0.000561608873641801,0.196839440471246,0.233742853268883,0.254013175031012,0.277021831033502,0.324450708527834,3330.04872500408,1.00088698087008
"pi_vec[10,4]",0.195268803146139,0.0285065839354811,0.000450728667734434,0.000491047308455614,0.142082510222275,0.175309801276358,0.194566351747183,0.213935678877141,0.253123252578958,3386.54887784154,0.999800891878914
"pi_vec[11,4]",0.148368730951461,0.0239849716296474,0.000379235699821032,0.000425360947830531,0.105019514876015,0.131662219891326,0.14679944305925,0.163568447261111,0.198879081889737,3151.0073384688,0.999777982105267
"pi_vec[12,4]",0.138149693204767,0.0225168104557422,0.000356022033412196,0.000434057974370595,0.0983695172124357,0.122432472203155,0.136749206396677,0.152649347828948,0.186052975603361,2539.93643779459,0.999762169995683
"pi_vec[13,4]",0.111152578533572,0.0192728557876272,0.000304730606524302,0.000403767370269573,0.0763742959096794,0.098161779692496,0.109994035554881,0.1232552434439,0.153603987248429,2170.06222818706,0.999826099392953
"pi_vec[14,4]",0.160911875464773,0.0251449696159776,0.000397576878411093,0.000441169064745176,0.114717160455688,0.14314853955092,0.159450241228303,0.177015855008139,0.212623928353777,3188.92081457446,1.00021177098451
"pi_vec[15,4]",0.0944135054025441,0.0185584910754601,0.000293435508671809,0.000334728695433888,0.0619699143684304,0.0812198527296816,0.0930968475009545,0.106355400527608,0.134441261226464,2957.93427699666,1.00004786175706
"pi_vec[16,4]",0.168347989605592,0.0266324126433194,0.000421095417691774,0.000454552726307421,0.121314512834252,0.149359746865848,0.16659463176803,0.185780935847647,0.226443891996552,3339.15401229257,1.00007999785467
"pi_vec[17,4]",0.149173850578684,0.024086458328494,0.000380840345423866,0.000421447196101942,0.106271007939873,0.132281171548301,0.147340300300526,0.164221673307099,0.20190501135011,3130.47387548665,0.999828867041836
"pi_vec[18,4]",0.135262551575224,0.0228794841463907,0.00036175640796154,0.000401513404533242,0.0955777958275062,0.119345253757022,0.133663267089106,0.149880808035816,0.183693638955276,3161.90429894634,0.999833486524117
"pi_vec[19,4]",0.16241336843616,0.0267109236558588,0.000422336785796926,0.000447106660004988,0.113249169795265,0.143893681461045,0.160678892596367,0.179402621913311,0.218850128768938,3496.27990593869,1.00000937442003
"pi_vec[20,4]",0.152981035200662,0.0243790576073506,0.000385466746238414,0.000410606500744104,0.109059119782998,0.136266613787294,0.151222218004443,0.167906574371918,0.205533506674987,3537.35845433337,0.99987568644311
"pi_vec[21,4]",0.0848537919754964,0.0189756900634674,0.000300032003869911,0.000313381043579001,0.0519630956989495,0.0715422092286425,0.0830257668365338,0.0970819998791171,0.126301110894644,3604.2422785203,0.999908278774148
"pi_vec[22,4]",0.0488199004671527,0.0117504395795048,0.000185790762897132,0.000199015636799521,0.0291333039963852,0.0404696453261081,0.0475937261425658,0.0563683098636852,0.0751933257023106,3488.08089048467,0.999877963589066
"pi_vec[23,4]",0.15413136639766,0.0480461783170173,0.000759676781741851,0.000782382830150103,0.0723506084052564,0.11987122521628,0.149699023665938,0.185148085867088,0.257381126089399,3615.30285764392,1.00248240217757
"pi_vec[24,4]",0.154392780943263,0.0479406477976905,0.000758008197723185,0.000752014060034584,0.073173245623488,0.119827302648651,0.15051417387314,0.184401454258772,0.260365609021428,3901.81708730709,0.999847622977048
"pi_vec[25,4]",0.152467771661552,0.0474569945658548,0.000750360968671674,0.000750357371285471,0.0704501193270393,0.118937225467896,0.149289882966068,0.180702357038601,0.254647913809738,3910.23127633338,1.00016126414627
"res_ln_Rec[1]",0.037072793426651,0.21013682044879,0.00332255486442011,0.00336382680423241,-0.36503833076002,-0.0989009615194245,0.0363397620741726,0.172214476105401,0.455841227749426,3697.53769037654,1.00077711771862
"res_ln_Rec[2]",0.0403828348113479,0.207450194135214,0.00328007557255691,0.00328653157673759,-0.343132630554118,-0.0995630671816716,0.0310793784689576,0.169685379403394,0.454739883180296,3930.80575609133,1.00002103895215
"res_ln_Rec[3]",0.185514960550419,0.192450868293086,0.00304291540741616,0.00314239358136327,-0.189377779056513,0.0604600611904074,0.183888282205762,0.307358585066829,0.595720163013177,3523.54145726437,1.00004328605373
"res_ln_Rec[4]",-0.544017084096315,0.211554127772159,0.00334496446085153,0.00384437990404447,-0.970528412273722,-0.686126751472946,-0.543846666364557,-0.402444533791603,-0.120532711328097,2533.40928757275,1.00060164802814
"res_ln_Rec[5]",0.177973921799174,0.226038951296082,0.00357398963005745,0.00362376018042407,-0.240378453881788,0.0210608659957923,0.16853734029207,0.326374653216519,0.651577532658501,3712.61544335723,0.999757807177062
"res_ln_Rec[6]",0.384101746942034,0.174125193740383,0.00275316105118852,0.00279996715650225,0.0517010476099439,0.26689342763984,0.383009651751461,0.496956009773057,0.732702082704128,3481.00479895169,0.999924658717172
"res_ln_Rec[7]",-0.0762607021885834,0.184954392250975,0.0029243857138264,0.00289086283975135,-0.442652019779049,-0.200128875486805,-0.0741639706146371,0.0489296554945766,0.282392892346616,3860.16985608846,0.999767168732788
"res_ln_Rec[8]",-0.133157703103817,0.176225123520816,0.00278636385635145,0.00317793632958386,-0.46722049074151,-0.250725648211448,-0.135751099624464,-0.0196528571811343,0.229705427066217,2952.68756588287,0.999785593999288
"res_ln_Rec[9]",0.0901747025650023,0.171163891557864,0.00270633875250459,0.00316198622144015,-0.243689096580085,-0.0235392930651104,0.0900153826944754,0.203713897227002,0.43169402976712,2948.64185797075,1.00050591020779
"res_ln_Rec[10]",0.00917603928301058,0.182519921517989,0.00288589335176012,0.00336218288539391,-0.34565585485743,-0.110239242202782,0.00949515190320582,0.130635778455503,0.365835684483604,2941.73212904552,1.00032475845005
"res_ln_Rec[11]",0.200091963986285,0.175041379911567,0.00276764722649697,0.00326485245252888,-0.142659219683495,0.0827839205351477,0.199408875439337,0.314690720973721,0.536492706577914,2793.46059258032,0.999761726043927
"res_ln_Rec[12]",-0.381877260011431,0.1856028287352,0.0029346383948669,0.00299275401286221,-0.754030422353681,-0.505588685746852,-0.377843564104856,-0.259653359749992,-0.0212602695146604,3369.00375570719,1.00070742417455
"res_ln_Rec[13]",-0.0503741798050207,0.173607608440438,0.00274497730903229,0.00298446843737764,-0.382623059610191,-0.167650685040294,-0.0536658049293894,0.065972306728463,0.290373886387362,3170.21111136515,0.999784447120969
"res_ln_Rec[14]",0.386559194830594,0.175035619335056,0.00276755614378492,0.00315372166137926,0.035197596181759,0.267820629085098,0.39508238507216,0.509505591576475,0.71356790951618,3023.55458267693,0.99978532382011
"res_ln_Rec[15]",-0.676528244782047,0.2630993114428,0.00415996537490624,0.00477204720178768,-1.18430638361269,-0.860950956789727,-0.678905434898152,-0.486096311049762,-0.18370691032442,3072.31661523785,0.999784760467866
"res_ln_Rec[16]",-0.313846488494454,0.218801071458841,0.00345954870147599,0.00374305643466433,-0.712547768728691,-0.458401666633881,-0.327118844601383,-0.182048823412601,0.159073023082761,3446.27096920328,1.00000396657213
"res_ln_Rec[17]",0.181190115394139,0.186862165503406,0.00295455025751053,0.00322039086848433,-0.178307724381331,0.0524852030486702,0.184560373422837,0.313017838976187,0.540896454512479,3654.70492687481,0.999896779251336
"res_ln_Rec[18]",0.258121751420176,0.168652919172648,0.00266663679310923,0.00277118815703227,-0.06699194052447,0.143658291418829,0.258475794021241,0.368024979112994,0.587223014047173,3253.83408327692,1.00032065494748
"res_ln_Rec[19]",-0.279607202223218,0.171690327443947,0.00271466243471495,0.00294416529055862,-0.620398555683712,-0.394612340183577,-0.27818796978764,-0.165266070712849,0.0545472639934547,3267.90097876461,1.00002375946813
"res_ln_Rec[20]",0.293905770258486,0.202091353743508,0.0031953448662814,0.00382452822526165,-0.0852330109859365,0.15505475430705,0.289265471122463,0.419300510321231,0.714602902898531,2677.42878185651,0.999868447667591
"res_ln_Rec[21]",-0.14605439973038,0.176794700946792,0.00279536966620094,0.00283897494537122,-0.515120918941474,-0.260014065638619,-0.139869529417233,-0.0273582476826357,0.184207297705602,3795.33632979278,0.999788238428572
"res_ln_Rec[22]",0.179605509681121,0.181297089764167,0.00286655868407383,0.00293735754578608,-0.175650234402506,0.0567631086937381,0.178247414181017,0.300306266972785,0.538446110177278,3611.8950857752,0.999877689545456
"res_ln_Rec[23]",0.0335948592287428,0.177201911206014,0.0028018082257296,0.00296499617056935,-0.316227290335548,-0.0827682817739257,0.0338505230160644,0.150656654053365,0.383968222236554,3573.51392915865,1.00009608902495
"res_ln_Rec[24]",0.00404833393032591,0.240677441035633,0.00380544447546737,0.00377456963042719,-0.468930787152864,-0.154877658516236,0.00503398872201366,0.162282589726805,0.485200644623151,3738.23737073977,1.00116454948879
"res_ln_Rec[25]",0.148984555658276,0.315403265443622,0.00498696350128262,0.00512664505492108,-0.44521592443305,-0.0586084464120016,0.143555763579988,0.34370482730808,0.80212870391619,3548.79008827084,0.999800194228934
"sigma_r",0.125739995035397,0.0553702491722881,0.000875480509977417,0.000885655497848532,0.0489495771167627,0.0875223785926696,0.115305829124431,0.153049122423819,0.260960715144008,3699.98639063996,1.0007986456878
"sigma_s",0.100723870700875,0.0423688119037863,0.000669909736856097,0.000762312687997419,0.0391593422270624,0.0708595586325995,0.0935671541616838,0.122052055346236,0.20388932958486,2846.65205993207,1.00091135611692
"tot_ln_Rec[1]",9.73993930055128,0.148819549330669,0.0023530436812235,0.00232652486008317,9.45228184082539,9.64312586892956,9.7395217488331,9.8360499563111,10.0398112223595,4078.52636529359,0.999877411167867
"tot_ln_Rec[2]",9.6079532439223,0.141673897894516,0.00224006101170401,0.00226058933336042,9.34011726089687,9.51051285537294,9.60600650581975,9.69797389359141,9.89145943240243,3771.36017994983,0.999797170597229
"tot_ln_Rec[3]",9.69902190235239,0.135089603492319,0.00213595417622383,0.00230169561978494,9.42503833131493,9.60952882732477,9.69982259765414,9.78929580029006,9.96311895049494,3152.08027983972,1.00005240561245
"tot_ln_Rec[4]",8.92173591215061,0.140320219794146,0.00221865748162472,0.00236777778255885,8.65386234283711,8.82577066985441,8.91784109611098,9.01778878104458,9.20464466580135,3112.76478046179,1.00015186766751
"tot_ln_Rec[5]",10.1889336923185,0.129920662091329,0.00205422603662847,0.00226935601594629,9.94061641367084,10.0997143999306,10.1887878207317,10.2738643591539,10.443653123187,3350.57564048267,1.00073787727573
"tot_ln_Rec[6]",10.0887602064458,0.131094095943318,0.00207277965490762,0.00217928017061353,9.83789657643154,10.0015889512771,10.0843173317657,10.1745515290303,10.3551310860361,3181.73305887083,1.00058324935842
"tot_ln_Rec[7]",9.67286543877777,0.134727163799223,0.00213022350150064,0.00223894205170839,9.40807223311071,9.58396027271529,9.67423850817314,9.76026218960149,9.94478235923639,3264.23021548223,1.00054176009974
"tot_ln_Rec[8]",9.54848328158022,0.128043214217241,0.00202454097927668,0.00221429133006518,9.29268998452438,9.46322489449931,9.5490612736657,9.63614493676708,9.79061441561209,3397.11715050826,1.00070568153073
"tot_ln_Rec[9]",10.1142667729931,0.129903153725789,0.00205394920506241,0.00228406142401509,9.86274649433313,10.0294495941702,10.1147255017771,10.2005220567195,10.3696861810053,3128.37641480929,1.00011023978378
"tot_ln_Rec[10]",9.9777219244871,0.134153461031348,0.00212115246426851,0.00255428447623563,9.7152896472614,9.88914588580075,9.97893785873912,10.0641372569108,10.2418689430507,2780.59284959882,1.00002635106961
"tot_ln_Rec[11]",10.1216548031826,0.129141791988395,0.00204191101899506,0.00240206730557542,9.86246863622221,10.039027804661,10.1213359508422,10.2071406365168,10.3761585252125,2826.08252723042,0.99983690571685
"tot_ln_Rec[12]",9.37748709045747,0.128790760495362,0.0020363607237529,0.00225727917909425,9.11705333930333,9.29482131956338,9.38098009598571,9.46019359323307,9.62655997039235,3262.26317337736,0.999877206193578
"tot_ln_Rec[13]",10.0143167357345,0.125979317478447,0.00199190790652677,0.00224836232500021,9.77247355738073,9.92993123442014,10.0144766210106,10.0972871662238,10.2633886120429,3138.48980661474,1.00006355352055
"tot_ln_Rec[14]",10.3725254538239,0.134917637736632,0.00213323515888621,0.00265461435124369,10.1101191947248,10.2817080441618,10.3757217413182,10.4622961072196,10.635699083513,2592.16483072472,0.999826129743627
"tot_ln_Rec[15]",9.15710366669172,0.148887109226728,0.00235411189697366,0.00284972473751789,8.86389514787809,9.05865048093453,9.16334558900933,9.25725219199075,9.44101271980277,2825.28239915972,0.999809304693978
"tot_ln_Rec[16]",9.61547930864526,0.130644687147421,0.00206567387792988,0.00239338052353983,9.35793820285275,9.52803054772579,9.61468697750871,9.70401788707419,9.86975588461871,2900.88855365784,1.00067358567815
"tot_ln_Rec[17]",10.2110519366246,0.123784565153058,0.00195720582528586,0.00214389574735162,9.97004806020533,10.1269726117098,10.2116572229605,10.2947924749787,10.4505175093233,2854.75005940857,1.00035260906445
"tot_ln_Rec[18]",10.0112816014709,0.132106241828887,0.00208878308652145,0.00224160141421363,9.75362732184502,9.92418503103072,10.0075972656842,10.0989910892226,10.2715054002611,3147.85758212216,0.999804197244926
"tot_ln_Rec[19]",9.42373868169334,0.130456582707113,0.00206269968558305,0.00219393554496353,9.1646445090717,9.33653047353032,9.42424546301866,9.50948663120191,9.67844585110153,3220.26914764894,1.0013366001121
"tot_ln_Rec[20]",9.99728940246231,0.127909292427587,0.00202242348985852,0.00235870588525815,9.74302915037173,9.91443062859053,9.99717817472953,10.0821173249083,10.2485025419427,2781.21324880062,1.00076682472839
"tot_ln_Rec[21]",9.73547503541594,0.139362147109747,0.00220350902239126,0.00239799269414189,9.45943657820826,9.64197061749978,9.73530636042309,9.83060890010968,10.0035745944335,3160.59677584975,1.00024627497408
"tot_ln_Rec[22]",10.0858889411728,0.146399936496551,0.00231478624316556,0.00228267835107044,9.8074233317659,9.98770699654277,10.0802032301619,10.1779506197875,10.3863027759464,3764.34101094228,1.00036646195987
"tot_ln_Rec[23]",9.80114871542211,0.162323401196893,0.00256655832663742,0.00263503285472006,9.48334027953968,9.69505127124181,9.80082269018865,9.90426824706539,10.1316583031253,3801.5432672951,1.0001340051163
"tot_ln_Rec[24]",9.85686657408862,0.244665152854486,0.00386849573546711,0.00392253610242117,9.38725826334371,9.69599751476342,9.84791001523061,10.0175322264605,10.3500840810039,3567.90067510577,1.00121593895787
"tot_ln_Rec[25]",10.0788420759595,0.338413344340279,0.00535078479355066,0.00547774399897156,9.42771789733589,9.8538502138998,10.0695576651377,10.2904821133043,10.7600850188463,3657.58674489478,0.999989334725854
