"0","layout(matrix(c(1,1,2,3),2,2),c(3,2),c(1,1))"
"0","CI_vec <- c(0.025,0.5,0.975)"
"0","offSet <- 0.06"
"0",""
"0","mcmc_samp <- 1000"
"0",""
"0","MC <- 100"
"0","set.seed(123)"
"0","idx <- sample(seq(mcmc_samp),MC)"
"0",""
"0","## posterior of spawners"
"0",""
"0","sDat <- apply(model[,grep(""Sp"",colnames(model))],2,quantile,CI_vec)"
"0","sDat <- sDat[,1:(n_yrs-age_min)]"
"0","## posterior of recruits"
"0","rDat <- exp(apply(model[,grep(""tot_ln_Rec"",colnames(model))],2,quantile,CI_vec))"
"0",""
"0",""
"0","aa <- model[,grep(""mu_Rkr_a"",colnames(model))]"
"0","bb <- model[,grep(""beta"",colnames(model))]"
"0","# aa <- median(mod_fit$BUGSoutput$sims.list$alpha)"
"0","## empty plot space for spawner-recruit relationships"
"0","dd <- 3000"
"0","yM <- Re2prec(max(rDat),""ceiling"",dd)"
"0","#yM <- 30000"
"0","xM <- Re2prec(max(sDat),""ceiling"",dd)"
"0","par(mai=c(0.8,0.8,0.1,0.1), omi=c(0,0,0,0))"
"0","plot(sDat[2,],rDat[2,], xlim=c(0,xM),ylim = c(0,yM), pch=16, col=""blue3"", type=""n"","
"0","	 xaxs=""i"", yaxs=""i"", ylab=""Recruits (1000s)"", xlab=""Spawners (1000s)"", cex.lab=1.2,"
"0","	 xaxt=""n"", yaxt=""n"")"
