"0","## 1. file with escapement data"
"0","## [n_yrs x 2] matrix of obs counts; 1st col is calendar yr"
"0","fn_esc <- paste(""skagit"",""_"",run,""_"",""esc.csv"",sep = """")"
"0","paste(""skagit"",""_"",run,""_"",""esc.csv"",sep = """")"
"1","[1]"
"1"," ""skagit_sfck_esc.csv"""
"1","
"
"0","## 2. file with age comp data"
"0","## [n_yrs x (1+A)]; 1st col is calendar yr"
"0","fn_age <- paste(""skagit"",""_"",run,""_"",""age.csv"",sep = """")"
"0",""
"0","## 3. file with harvest data"
"0","## [n_yrs x 2] matrix of obs catch; 1st col is calendar yr"
"0","fn_harv <- paste(""skagit"",""_"",run,""_"",""catch.csv"",sep = """")"
