"0","mod_fit <- mod_fits[[1]]"
"0",""
"0","par_conv <- c(""alpha"",""beta"","
"0","""sigma_r"",""sigma_s"",""pi_tau"",paste0(""pi_eta["",seq(A-1),""]""))"
"0","gelman.diag(mod_fit[,par_conv])"
"1","Potential scale reduction factors:

"
"1","         "
"1"," Point est."
"1"," Upper C.I."
"1","
alpha    "
"1","          1"
"1","       1.00"
"1","
beta     "
"1","          1"
"1","       1.00"
"1","
sigma_r  "
"1","          1"
"1","       1.00"
"1","
sigma_s  "
"1","          1"
"1","       1.00"
"1","
pi_tau   "
"1","          1"
"1","       1.00"
"1","
pi_eta[1]"
"1","          1"
"1","       1.00"
"1","
pi_eta[2]"
"1","          1"
"1","       1.01"
"1","
pi_eta[3]"
"1","          1"
"1","       1.00"
"1","
"
"1","
Multivariate psrf

"
"1","1"
"1","
"
"0","## Rhat values for all parameters"
"0","rh <- mod_fit$BUGSoutput$summary[,""Rhat""]"
"0","## histogram of Rhat values for all parameters"
"0","par(mai=c(0.9,0.9,0.3,0.1))"
"0","hist(rh, breaks=seq(1,ceiling(max(rh)/0.01)*0.01,by=0.0001),main="""","
"0","     col=rgb(0,0,255,alpha=50,maxColorValue=255),border=""blue3"",xlab=expression(italic(R[hat])))"
"2","Error in hist.default(rh, breaks = seq(1, ceiling(max(rh)/0.01) * 0.01,  : 
  'x' must be numeric
"
