"0",""
"0","layout(matrix(c(2,1,4,3),2,2),heights=c(1,5))"
"0",""
"0","## OYP"
"0","par(mai=c(0.9,0.9,0,0), omi=c(0,0,0.1,0.1))"
"0","x_lp <- yld_prop"
"0","for(i in 1:length(x_lp)) {"
"0","  x_lp[i] <- SS[max(which(OYP[,i] == max(OYP[,i]) | abs(OYP[,i] - (yld_prop[i]-0.3)) <= 0.05))]"
"0","}"
"0","matplot(SS, OYP, type=""l"", lty=""solid"", las=1, col=c(""slateblue"",""blue"",""darkblue""), lwd=2,"
"0","        xlab=""Spawners"", ylab=""Probability of X% of MSY"", cex.lab=1.2,"
"0","        main="""", ylim=c(0,1))"
