{"chunk_definitions":[{"row":31,"row_count":1,"visible":true,"expansion_state":0,"options":{"engine":"r","label":"set_options","echo":false,"message":false},"document_id":"A2ABD589","chunk_id":"cyz5wbafgbzzj","chunk_label":"set_options"},{"row":97,"row_count":1,"visible":true,"expansion_state":0,"options":{"engine":"r","label":"load_pkgs","message":false,"warning":false},"document_id":"A2ABD589","chunk_id":"c2zhpuj4tgwsk","chunk_label":"load_pkgs"},{"row":413,"row_count":1,"visible":true,"expansion_state":0,"options":{"engine":"r","label":"define_funcs"},"document_id":"A2ABD589","chunk_id":"cbr1qjak1ym9e","chunk_label":"define_funcs"},{"row":450,"row_count":1,"visible":true,"expansion_state":0,"options":{"engine":"r","label":"get_user_inputs"},"document_id":"A2ABD589","chunk_id":"csjp2fip9gium","chunk_label":"get_user_inputs"},{"row":470,"row_count":1,"visible":true,"expansion_state":0,"options":{"engine":"r","label":"get_filenames"},"document_id":"A2ABD589","chunk_id":"cmidew01nic2s","chunk_label":"get_filenames"},{"row":486,"row_count":1,"visible":true,"expansion_state":0,"options":{"engine":"r","label":"get_escapement_data"},"document_id":"A2ABD589","chunk_id":"c5nweoeqwy3g4","chunk_label":"get_escapement_data"},{"row":516,"row_count":1,"visible":true,"expansion_state":0,"options":{"engine":"r","label":"get_age_data"},"document_id":"A2ABD589","chunk_id":"caw1dx9s85bgb","chunk_label":"get_age_data"},{"row":525,"row_count":1,"visible":true,"expansion_state":0,"options":{"engine":"r","label":"get_harvest"},"document_id":"A2ABD589","chunk_id":"c971ctmmess8x","chunk_label":"get_harvest"},{"row":543,"row_count":1,"visible":true,"expansion_state":0,"options":{"engine":"r","label":"JAGS_BH_AR"},"document_id":"A2ABD589","chunk_id":"c41qadmcdkizg","chunk_label":"JAGS_BH_AR"},{"row":549,"row_count":1,"visible":true,"expansion_state":0,"options":{"engine":"r","label":"JAGS_RK_AR"},"document_id":"A2ABD589","chunk_id":"c0caynwslot1f","chunk_label":"JAGS_RK_AR"},{"row":568,"row_count":1,"visible":true,"expansion_state":0,"options":{"engine":"r","label":"jags_setup"},"document_id":"A2ABD589","chunk_id":"clevqurkk3mu6","chunk_label":"jags_setup"},{"row":573,"row_count":1,"visible":true,"expansion_state":0,"options":{"engine":"r","label":"start_timer","include":false},"document_id":"A2ABD589","chunk_id":"cb916un4vdc72","chunk_label":"start_timer"},{"row":581,"row_count":1,"visible":true,"expansion_state":0,"options":{"engine":"r","label":"jags_IO_base","warning":false,"cache":false,"message":false},"document_id":"A2ABD589","chunk_id":"cado625vpwfhj","chunk_label":"jags_IO_base"},{"row":618,"row_count":1,"visible":true,"expansion_state":0,"options":{"engine":"r","label":"get_WAIC"},"document_id":"A2ABD589","chunk_id":"cyb0xasgwelgn","chunk_label":"get_WAIC"}],"doc_write_time":1629929869}