"0","## first & last years of fish data"
"0","yr_frst <- 1992"
"0","yr_last <- 2018"
"0",""
"0",""
"0",""
"0","## min & max ad ult age classes"
"0","age_min <- 2"
"0","age_max <- 5"
"0",""
"0","## years (if any) of age-comp to skip; see below"
"0","age_skip <- 0"
"0",""
"0","## number of years ahead for run forecasts from the most recent year of data"
"0","n_fore <- 0"
"0",""
"0","## number of recent year forecasts"
"0","n_forecasts <- 0"
"0",""
"0","## first year of 1 step ahead forecast"
"0","#yr_begin <- 2011"
"0",""
"0","## last year of 1 step ahead forecast"
"0","#yr_end <- 2020"
"0",""
"0","## upper threshold for Gelman & Rubin's potential scale reduction factor (Rhat)."
"0","Rhat_thresh <- 1.1"
"0",""
"0","## run sfck = summer/fall; spck = spring"
"0","run <- ""sfck"""
"0",""
