"0","# abbreviations for ref points"
"0","ref_names <- c(""MSY"",""Smsy"",""Umsy"",""Umax"",""Seq"",""Scrit"")"
"0","# proportions of MSY to consider"
"0","yld_prop <- c(0.75,0.85,0.95)"
"0","aa <- matrix(model[,""E_Rkr_a""],ncol=1)"
"0","alpha <- matrix(model[,""alpha""],ncol=1)"
"0","mcmc <- length(aa)"
"0","# empty matrix for ref pts"
"0","ref.pts <- matrix(NA,mcmc,length(ref_names))"
"0","colnames(ref.pts) <- ref_names"
"0","# spawner series for optimal yield profile"
"0","SS <- seq(100,3e4,100)"
"0","# empty matrix for optimal yield profiles"
"0","OYP <- matrix(0,length(SS),length(yld_prop))"
"0","for(i in 1:mcmc) {"
"0","  # spawners at MSY"
"0","  ref.pts[i,""Smsy""] <- (1 - lambert_W0(exp(1-aa[i]))) / bb[i]"
"0","  # MSY"
"0","  ref.pts[i,""MSY""] <- ref.pts[i,""Smsy""]*((exp(aa[i]-bb[i]*ref.pts[i,""Smsy""])) - 1)"
"0","  # harvest rate at MSY"
"0","  ref.pts[i,""Umsy""] <- (1 - lambert_W0(exp(1-aa[i])))"
"0","  # max harvest rate"
"0","  ref.pts[i,""Umax""] <- 1 - 1/alpha[i]"
"0","  # equilibrium escapement"
"0","  ref.pts[i,""Seq""] <- aa[i]/bb[i]"
"0","  # critical escapement"
"0","  ref.pts[i,""Scrit""] <- .05*ref.pts[i,""Seq""]"
"0","  "
"0","  # yield over varying S"
"0","  yield <- SS*(exp(aa[i]-bb[i]*SS) - 1)"
"0","  for(j in 1:length(yld_prop)) {"
"0","    OYP[,j] <- OYP[,j] + 1*(yield > yld_prop[j]*ref.pts[i,""MSY""])"
"0","  }"
"0","}"
"0","OYP <- OYP/mcmc"
"0",""
"0",""
"0","## Prob of overfishing"
"0","hh <- seq(100)"
"0","Pr_over <- cbind(hh,hh,hh)"
"0","colnames(Pr_over) <- c(""Umsy75"",""Umsy"",""Umax"")"
"0","for(i in hh) {"
"0","  Pr_over[i,""Umsy75""] <- sum(ref.pts[,""Umsy""]*0.75 < i/100)/mcmc"
"0","  Pr_over[i,""Umsy""] <- sum(ref.pts[,""Umsy""] < i/100)/mcmc"
"0","  Pr_over[i,""Umax""] <- sum(ref.pts[,""Umax""] < i/100)/mcmc"
"0","}"
"0",""
"0","## observed exploitation rate & posterior spawner abundance"
"0","Sp_ts <- model[,grep(""Sp"",colnames(model))]"
"0",""
