"0",""
"0","## ----VRAP_sim------------------------------------------------------------"
"0",""
"0","## posterior S/R parameters"
"0","aa <- model[,grep(""E_Rkr_a"",colnames(model))]"
"0","bb <- model[,grep(""beta"",colnames(model))]"
"0",""
"0","## management error mean and std dev. (FRAM post season ER/pre- season ER)"
"0","me_mean <- 1.07"
"0","me_sd <- 0.19"
"0",""
"0","## bound observed ER by a minimum and maximum to avoid unrealistic harvest scenarios"
"0","ER_max <- 0.95"
"0","ER_min <- 0.15 "
"0",""
"0","##select whether to apply management error or not (1 = include, 0 = exclude)"
"0","me <- 0"
"0",""
"0","## number of years for each simulation: starting with 25 since this is what NOAA requires"
"0","numYears <- 25"
"0",""
"0","## number of simulations"
"0","numSim <- 1000"
"0",""
"0","## range of target harvest rates to explore"
"0","ER_range <- seq(0,0.8,.01)"
"0",""
"0","## start with most recent five spawner years in time series"
"0",""
"0","#S_start <- apply(mod_fit$BUGSoutput$sims.list$Sp,2,quantile,probs=CI_vec)[2,(n_yrs - 4):n_yrs]"
"0","S_start <- apply(model[,grep(""Sp"",colnames(model))],2,quantile,probs=CI_vec)[2,(n_yrs - 4):n_yrs]"
"0",""
"0","## SMSY under average conditions"
"0","Smsy <- quantile(ref.pts[,""Smsy""],CI_vec) "
"0","#Scrit <- quantile(ref.pts[,""Scrit""],CI_vec) "
"0",""
"0","Scrit <- 4800"
"0",""
"0",""
"0","## maturation schedule"
"0","matSched_2 <- apply(model[,grep(""pi_vec"",colnames(model))][,1:25],2,quantile,CI_vec)"
"0","matSched_3 <- apply(model[,grep(""pi_vec"",colnames(model))][,26:50],2,quantile,CI_vec)"
"0","matSched_4 <- apply(model[,grep(""pi_vec"",colnames(model))][,51:75],2,quantile,CI_vec)"
"0","matSched_5 <- apply(model[,grep(""pi_vec"",colnames(model))][,76:100],2,quantile,CI_vec)"
"0",""
"0","matSched <- rbind(matSched_2[2,],matSched_3[2,],matSched_4[2,],matSched_5[2,])"
"0",""
"0",""
"0","## take 100 random samples of S/R parameters from posterior distribution"
"0","sample <- 100"
"0","samplePosterior <- sample(1:mcmc,sample,replace = TRUE)"
"0",""
"0","## these are the posterior samples that will be used. Note that for each paired sample,"
"0","## 1000 25 year simulations will be conducted for each target exploitation rate"
"0","a <- aa[samplePosterior]"
"0","b <- bb[samplePosterior]"
"0",""
"0",""
"0","## median posterior process standard deviation"
"0","median_sd_r <-median(model[,""sigma_r""])^0.5"
"0",""
"0","## output arrays for RER criteria"
"0","p_UET <- array(data = NA,dim = c(length(ER_range),(sample + 1)))"
"0","p_UET_10pct <- array(data = NA,dim = c(length(ER_range),(sample + 1)))"
"0","p_Crit_5pct <- array(data = NA,dim = c(length(ER_range),(sample + 1)))"
"0",""
"0",""
"0",""
"0","if(file.exists(file.path(savedir,paste(""p_UET"","".csv"",sep = """"))) &"
"0","   file.exists(file.path(savedir,paste(""p_UET_10pct"","".csv"",sep = """"))) &"
"0","   file.exists(file.path(savedir,paste(""p_Crit_5pct"","".csv"",sep = """")))){"
"0","  "
"0","  p_UET <- read.csv(file.path(savedir,paste(""p_UET"","".csv"",sep = """")))"
"0","  p_UET_10pct <- read.csv(file.path(savedir,paste(""p_UET_10pct"","".csv"",sep = """")))"
"0","  p_Crit_5pct <- read.csv(file.path(savedir,paste(""p_Crit_5pct"","".csv"",sep = """")))"
"0","  "
"0","  ## compute median RER based on criterion"
"0","  RER_UET_median <- ER_range[length(which(p_UET[,2] >= 0.80))]"
"0","  RER_UET_10pct_median <- ER_range[length(which(p_UET_10pct[,2] <= 0.10))]"
"0","  RER_Crit_5pct_median <- ER_range[length(which(p_Crit_5pct[,2] <= 0.05))]"
"0","  "
"0","}else{## run risk assessment procedure and save output"
"0","  "
"0","  for(i in 1:(sample + 1)){"
"0","  "
"0","    ## set up arrays for keeping track of abundance"
"0","    sp<-array(data = NA, dim = c(numSim,(numYears+5),length(ER_range)))"
"0","    catch<-array(data = NA, dim = c(numSim,(numYears+5),length(ER_range)))"
"0","    mature_Run<-array(data = NA, dim = c(numSim,(numYears+5),length(ER_range)))"
"0","    "
"0","    ## SR parameters used for this set of simulations.Median is evaluated first."
"0","    if(i == 1){a_Sim <- median(aa);b_Sim <- median(bb)}else{"
"0","      a_Sim <- a[i-1];b_Sim <- b[i-1]"
"0","    }"
"0","    "
"0","    ## reset counter for each round of simulations"
"0","    c <- 1"
"0","    for (ER_target in ER_range){"
"0","      for (sim in 1:numSim){"
"0","        #sim <- 2"
"0","        ## output vector for total age specific recruitment"
"0","        age2Rec <- NULL"
"0","        age3Rec <- NULL"
"0","        age4Rec <- NULL"
"0","        age5Rec <- NULL"
"0","        "
"0","        ## sample from yearly estimates of maturation schedule"
"0","        matSchedule_sim <- matSched[,sample(1:dim(matSched)[2],numYears + 5, replace = TRUE)]"
"0","        "
"0","        if(me == 1){"
"0","          "
"0","          ## apply management error to target exploitation rates within bounds of"
"0","          ## 15% - 95% total ER"
"0","          mgmtError <- rnorm(numYears + 5,me_mean,me_sd)"
"0","          ER_Obs <- ER_target*mgmtError"
"0","          ER_Obs[which(ER_Obs > ER_max)] <- ER_max"
"0","          ER_Obs[which(ER_Obs < ER_min)] <- ER_min"
"0","            "
"0","        }else{ER_Obs <- rep(ER_target,numYears + 5)}"
"0","        "
"0","        "
"0","        for(year in 1:(numYears + 5)){"
"0","          "
"0","          if(year <= 5){"
"0","            "
"0","            lnRec <- (log(S_start[year]) + a_Sim- b_Sim*S_start[year])"
"0","            "
"0","            totRec <- exp(rnorm(1,lnRec,median_sd_r))"
"0","            "
"0","            ## apply maturation schedule to project recruits forward"
"0","            totRec <- totRec * matSchedule_sim[,year]"
"0","            age2Rec[year+2]<-totRec[1]"
"0","            age3Rec[year+3]<-totRec[2]"
"0","            age4Rec[year+4]<-totRec[3]"
"0","            age5Rec[year+5]<-totRec[4]"
"0","            "
"0","          }"
"0","          "
"0","          if(year > 5){"
"0","            #year <- 6"
"0","            mature_Run[sim,year,c] <- age2Rec[year] + age3Rec[year] + age4Rec[year] + age5Rec[year]"
"0","            catch[sim,year,c]<-ER_Obs[year]*(mature_Run[sim,year,c])"
"0","            sp[sim,year,c] <- mature_Run[sim,year,c] - catch[sim,year,c]"
"0","            "
"0","            lnRec <- (log(sp[sim,year,c]) + a_Sim - b_Sim*sp[sim,year,c])"
"0","            "
"0","            totRec <- exp(rnorm(1,lnRec,median_sd_r))"
"0","            "
"0","            ## apply maturation schedule to project recruits forward"
"0","            totRec <- totRec * matSchedule_sim[,year]"
"0","            age2Rec[year+2]<-totRec[1]"
"0","            age3Rec[year+3]<-totRec[2]"
"0","            age4Rec[year+4]<-totRec[3]"
"0","            age5Rec[year+5]<-totRec[4]"
"0","            "
"0","          }"
"0","          "
"0","        }#next time step"
"0","      }# next sim"
"0","      c <- c+1"
"0","    }#next Er"
"0","    "
"0","    p_UET[,i] <- apply(sp[,27:30,],3,function(x){length(which(x > Smsy[2]))/length(x)})"
"0","    p_UET_10pct[,i] <- p_UET[1,i] - p_UET[,i]"
"0","  "
"0","    p_Crit_temp <- apply(sp[,5:30,],3,function(x){length(which(x < Scrit))/length(x)})"
"0","    p_Crit_5pct[,i] <- p_Crit_temp - p_Crit_temp[1]"
"0","    "
"0","  }## next sample"
"0",""
"0","  ## compute median RER based on criterion"
"0","  RER_UET_median <- ER_range[length(which(p_UET[,1] >= 0.80))]"
"0","  RER_UET_10pct_median <- ER_range[length(which(p_UET_10pct[,1] <= 0.10))]"
"0","  RER_Crit_5pct_median <- ER_range[length(which(p_Crit_5pct[,1] <= 0.05))]"
"0","  "
"0","  ## save results"
"0","  write.csv(p_UET,file.path(savedir, paste(""p_UET"","".csv"",sep = """")))"
"0","  write.csv(p_UET_10pct,file.path(savedir, paste(""p_UET_10pct"","".csv"",sep = """")))"
"0","  write.csv(p_Crit_5pct,file.path(savedir, paste(""p_Crit_5pct"","".csv"",sep = """")))"
"0","}"
"0",""
"0",""
"0",""
