"0","if(!require(""here"")) {"
"0","  install.packages(""here"")"
"0","  library(""here"")"
"0","}"
"0","if(!require(""readr"")) {"
"0","  install.packages(""readr"")"
"0","  library(""readr"")"
"0","}"
"0","if(!require(""rjags"")) {"
"0","  install.packages(""rjags"")"
"0","  library(""rjags"")"
"0","}"
"0","if(!require(""loo"")) {"
"0","  install.packages(""loo"")"
"0","  library(""loo"")"
"0","}"
"0","if(!require(""ggplot2"")) {"
"0","  install.packages(""ggplot2"")"
"0","  library(""ggplot2"")"
"0","}"
"0","if(!require(""coda"")) {"
"0","  install.packages(""coda"")"
"0","  library(""coda"")"
"0","}"
"0","if(!require(""shinystan"")) {"
"0","  install.packages(""shinystan"")"
"0","  library(""shinystan"")"
"0","}"
"0","if(!require(""R2jags"")) {"
"0","  install.packages(""R2jags"")"
"0","  library(""R2jags"")"
"0","}"
"0","if(!require(""dclone"")) {"
"0","  install.packages(""dclone"")"
"0","  library(""dclone"")"
"0","}"
"0","if(!require(""snow"")) {"
"0","  install.packages(""snow"")"
"0","  library(""snow"")"
"0","}"
"0","if(!require(""rstan"")) {"
"0","  install.packages(""rstan"")"
"0","  library(""rstan"")"
"0","}"
"0","if(!require(""RColorBrewer"")) {"
"0","  install.packages(""RColorBrewer"")"
"0","  library(""RColorBrewer"")"
"0","}"
"0","if(!require(""gtools"")) {"
"0","  install.packages(""gtools"")"
"0","  library(""gtools"")"
"0","}"
"0",""
"0","## set directory locations"
"0","datadir <- here(""data"")"
"0","jagsdir <- here(""jags"")"
"0","analdir <- here(""analysis"")"
"0","savedir <- here(""analysis/cache"")"
