"0","## better round"
"0","Re2prec <- function(x, map = ""round"", prec = 1) {"
"0","  ## 'map' can be ""round"", ""floor"", or ""ceiling"""
"0","  ## 'prec' is nearest value (eg, 0.1 means to nearest tenth; 1 gives normal behavior)"
"0","  if(prec<=0) { stop(""\""prec\"" cannot be less than or equal to 0"") }"
"0","  do.call(map,list(x/prec))*prec"
"0","}"
"0",""
"0","## wrapper function to fit JAGS models & rearrange output"
"0","fit_jags <- function(model, data, params, inits, ctrl, dir = jagsdir) {"
"0","  jm <- jags.model(file.path(jagsdir, model),"
"0","                   data,"
"0","                   inits,"
"0","                   ctrl$chains,"
"0","                   ctrl$burn,"
"0","                   quiet = TRUE)"
"0","  return(coda.samples(jm, params, ctrl$length, ctrl$thin))"
"0","}"
"0",""
"0","#alternative wrapper to fit model in parallel; one chain per core"
"0","fit_jags2<-function(model,data,params,inits,ctrl,dir=jagsdir){"
"0","  cl <- makeCluster(3, type = ""SOCK"")"
"0","  inits2 <- jags.fit(data=data,"
"0","                     params=params, "
"0","                     model=file.path(jagsdir, model), "
"0","                     inits=inits,"
"0","                     n.chains=ctrl$chains,"
"0","                     n.adapt = 0,"
"0","                     n.update = 0,"
"0","                     n.iter = 0)$state(internal = TRUE)"
"0","  jm <- jags.parfit(cl=cl,"
"0","                    data = data,"
"0","                    params = params, "
"0","                    model = file.path(jagsdir, model),"
"0","                    inits = inits2,"
"0","                    n.adapt = ctrl$burn*0.5,"
"0","                    n.update = ctrl$burn*0.5,"
"0","                    n.iter = ctrl$length-ctrl$burn,"
"0","                    thin = ctrl$thin,"
"0","                    n.chains = ctrl$chains"
"0","                    )"
"0","  stopCluster(cl)"
"0","  return(jm)"
"0","}"
"0",""
"0","#generate summary stats file from MCMC object"
"0","sum_stats<-function(mcmclist){"
"0","  ESS<-apply(as.matrix(mcmclist),2,ess_bulk)"
"0","  Rhat<-apply(as.matrix(mcmclist),2,Rhat)"
"0","  summary_stats<-summary(mcmclist)"
"0","  summary_stats<-data.frame(summary_stats$statistics,summary_stats$quantiles,ESS,Rhat)"
"0","}"
"0",""
"0","# functions for approximate LFO"
"0","# many functions modified from:"
"0","# https://github.com/paul-buerkner/LFO-CV-paper/blob/master/case-study-LFO-CV.Rmd"
"0",""
"0","#load complete model fits & model refits with subset data"
"0","loadmodfits<-function(modelnames){"
"0","  mod_fits<-list(NULL)"
"0","  for(i in 1:length(modelnames)){"
"0","    mod_fits[[i]] <- readRDS(file.path(savedir,paste0(modelnames[i],""_y"",n_forecasts+1,""_"",run,"".rds"")))"
"0","    #mod_fits[[i]] <- readRDS(file.path(savedir,paste0(""fit_"",modelnames[i],"".rds"")))"
"0","  }"
"0","  return(mod_fits)"
"0","}"
"0",""
"0","#refits"
"0","loadrefits<-function(refitname,N,L){"
"0","  numrefits<-N-L+1"
"0","  re_fits<-list()"
"0","  for(i in 1:numrefits){"
"0","     re_fits[[i]] <- readRDS(file.path(savedir,paste0(refitname,""_y"",i,""_"",run,"".rds"")))"
"0","  }"
"0","  return(re_fits)"
"0","}"
"0",""
"0","# more stable than log(sum(exp(x))) "
"0","log_sum_exp <- function(x) {"
"0","  max_x <- max(x)"
"0","  max_x + log(sum(exp(x - max_x)))"
"0","}"
"0",""
"0","# more stable than log(mean(exp(x)))"
"0","log_mean_exp <- function(x) {"
"0","  log_sum_exp(x) - log(length(x))"
"0","}"
"0",""
"0","# compute log of raw importance ratios"
"0","# sums over observations *not* over posterior samples"
"0","sum_log_ratios <- function(ll, ids = NULL) {"
"0","  if (!is.null(ids)) ll <- ll[, ids, drop = FALSE]"
"0","  - rowSums(ll)"
"0","}"
"0","# for printing comparisons later"
"0","rbind_print <- function(...) {"
"0","  round(rbind(...), digits = 2)"
"0","}"
"0",""
"0","#function to extract log likelihood from fitted model"
"0","extract_log_lik<-function(m,esc_only,N,mod_fits){"
"0","  #extract pontwise log likelihoods"
"0","  tmp_lp <- as.matrix(mod_fits[[m]])"
"0","  ## extract pointwise likelihoods"
"0","  tmp_lp <- tmp_lp[,grepl(""lp_"", colnames(tmp_lp))]"
"0","  ## if numerical underflows, convert -Inf to 5% less than min(likelihood)"
"0","  if(any(is.infinite(tmp_lp))) {"
"0","    tmp_lp[is.infinite(tmp_lp)] <- NA"
"0","    tmp_min <- min(tmp_lp, na.rm = TRUE)"
"0","    tmp_lp[is.na(tmp_lp)] <- tmp_min * 1.05"
"0","  }"
"0","  if(esc_only ==""Yes""){"
"0","    tmp_lp<-tmp_lp[,grepl(""esc"", colnames(tmp_lp))]"
"0","  }"
"0","  #get yrs assoc"
"0","  names_loglik<-data.frame(strsplit(colnames(tmp_lp),""\\[|\\]""))"
"0","  yrnames<-as.numeric(names_loglik[2,])"
"0","  "
"0","  loglik <- matrix(NA,ncol=N,nrow=dim(tmp_lp)[1])"
"0","  for(i in 1:N){"
"0","    if(!is.null(ncol(tmp_lp[,yrnames==i]))){"
"0","      loglik[,i] = apply(tmp_lp[,yrnames==i],1,sum)"
"0","    }else(loglik[,i] = tmp_lp[,yrnames==i])"
"0","  }"
"0","  return(loglik)"
"0","}"
"0",""
"0","#function for printing out a read text file"
"0","processFile = function(filepath) {"
"0","  con = file(filepath, ""r"")"
"0","  while ( TRUE ) {"
"0","    line = readLines(con, n = 1)"
"0","    if ( length(line) == 0 ) {"
"0","      break"
"0","    }"
"0","    cat(paste0(noquote(line)),""\n"")"
"0","  }"
"0","  close(con)"
"0","}"
"0",""
"0","#============================="
"0","#function to fit or load modelfits"
"0","#================================="
"0","fit_load_mods<-function(models){"
"0","  "
"0","  models <- models"
"0","  "
"0","  ## empty list for fits"
"0","  mod_fits <- vector(""list"", n_mods*(n_forecasts+1))"
"0","  ## counter to index fitted jags models (33 in total: 3 models x 11 1 year ahead forecasts including upcoming"
"0","  ## return year)"
"0","  t <- 1"
"0","  for(n in 1:n_mods){"
"0","    ## counter to index data to feed model for year specific forecasts"
"0","    ## first forecast will be for 10 years prior to the most recent return year;"
"0","    ## last forecast will be current forecast for the upcoming return year"
"0","    c <- 0 "
"0","    model <- models[n]"
"0","    "
"0","    for(i in 1:(n_forecasts+1)){"
"0","      if(file.exists(file.path(savedir,paste(model,""_"",""y"",i,""_"",run,"".rds"",sep = """")))) {"
"0","        mod_fits[[t]] <- readRDS(file.path(savedir,paste(model,""_"",""y"",i,""_"",run,"".rds"",sep = """")))"
"0","        #summary_stats<-NULL"
"0","          #summary_stats<-sum_stats(mcmclist= mod_fits[[t]])"
"0","          #write.csv(summary_stats,file.path(savedir, paste(model,""_"",""y"",i,""_summary_stats"",""_"",run,"".csv"",sep = """")))"
"0","        c <- c + 1"
"0","        t <- t + 1"
"0","    } else { ## else, fit & save"
"0","          ## cnt & time stamp"
"0","          cat(""Count ="", t, ""; Time ="", round(((proc.time()-timer_start)/60)[""elapsed""], 1), ""\n"","
"0","              file=""cnt_time.txt"", append=TRUE)"
"0","          "
"0","          #range of years. Last year in range"
"0","          dat_yrs <- seq(yr_frst,(yr_last - n_forecasts + c),1)"
"0","          "
"0","          ## number of years of data"
"0","          n_yrs <- length(dat_yrs)"
"0","          "
"0","          "
"0","          ## get first & last years"
"0","          yr_frst_forecast <- min(dat_yrs)"
"0","          yr_last_forecast <- max(dat_yrs)"
"0","          "
"0","          ## get escapement data"
"0","          dat_esc_forecast <- dat_esc[which(dat_esc$year %in% dat_yrs),]"
"0","          "
"0","          ## log of escapement"
"0","          ln_dat_esc <- c(log(dat_esc_forecast$escapement),rep(NA,n_fore))"
"0","          "
"0","          "
"0","          ## get age data"
"0","          dat_age_forecast <- dat_age[which(dat_age$year %in% dat_yrs),]"
"0","          ## drop year col & first age_min+age_skip rows"
"0","          dat_age_forecast <- dat_age_forecast[-(1:(age_min+age_skip)),-1]"
"0","          "
"0","          ## add row(s) of NA's for forecast years"
"0","          if(n_fore > 0) {"
"0","            dat_age_forecast <- rbind(dat_age_forecast,"
"0","                                      matrix(0, n_fore, A,"
"0","                                             dimnames = list(n_yrs+seq(n_fore),colnames(dat_age_forecast))))"
"0","          }"
"0","          ## total num of age obs by cal yr"
"0","          dat_age_forecast[,""sum""] <- apply(dat_age_forecast, 1, sum)"
"0","          ## row indices for any years with no obs age comp"
"0","          idx_NA_yrs <- which(dat_age_forecast$sum<A, TRUE)"
"0","          ## replace 0's in yrs w/o any obs with NA's"
"0","          dat_age_forecast[idx_NA_yrs,(1:A)] <- NA"
"0","          ## change total in yrs w/o any obs from 0 to A to help dmulti()"
"0","          dat_age_forecast[idx_NA_yrs,""sum""] <- A"
"0","          ## convert class"
"0","          dat_age_forecast <- as.matrix(dat_age_forecast)"
"0","          "
"0","          ## get harvest data"
"0","          dat_harv_forecast <- dat_harv[which(dat_harv$year %in% dat_yrs),]"
"0","          ## drop year col & first age_max rows"
"0","          dat_harv_forecast <- c(dat_harv_forecast$catch,rep(NA,n_fore))"
"0","          "
"0","          ## get covariate data"
"0","          #dat_cvrs_forecast <- dat_cvrs[which(dat_cvrs$year <= yr_last + n_fore - age_min),1:4]"
"0","          ## drop year col"
"0","          #dat_cvrs_forecast <- dat_cvrs_forecast[,-1] "
"0","          ## transform the covariates to z-scores"
"0","          #scl_cvrs_forecast <- scale(dat_cvrs_forecast) "
"0","          ## total number of covariates"
"0","          #n_cov <- dim(dat_cvrs_forecast)[2] "
"0","          "
"0","          ## ----jags_setup----------------------------------------------------------"
"0","          ## 1. Data to pass to JAGS"
"0","          dat_jags <- list(dat_age = dat_age_forecast,"
"0","                           ln_dat_esc = ln_dat_esc,"
"0","                           dat_harv = dat_harv_forecast,"
"0","                           A = A,"
"0","                           age_min = age_min,"
"0","                           age_max = age_max,"
"0","                           age_skip = age_skip,"
"0","                           n_yrs = n_yrs,"
"0","                           n_fore = n_fore)"
"0","          "
"0","          ## 2. Model params/states for JAGS to return"
"0","          ##    These are specific to the process model,"
"0","          ##    so we define them in 'par_jags' below."
"0","          "
"0","            init_vals <- function() {"
"0","            list(alpha = 5,"
"0","                 beta_inv = exp(mean(ln_dat_esc, na.rm = TRUE)),"
"0","                 pi_tau = 10,"
"0","                 pi_eta = rep(1,A),"
"0","                 pi_vec = matrix(c(0.020,0.219,0.581,0.179),"
"0","                                 n_yrs-age_min+n_fore, A, "
"0","                                 byrow = TRUE),"
"0","                 Rec_mu = log(1000),"
"0","                 Rec_sig = 0.1,"
"0","                 tot_ln_Rec = rep(log(1000), n_yrs - age_min + n_fore),"
"0","                 phi_prior = 0.5,"
"0","                 innov_1 = 0)"
"0","            }"
"0","  "
"0","          "
"0","          if(model == ""IPM_BH_AR""){"
"0","            ## params/states to return"
"0","            par_jags<- c(""alpha"",""E_BH_a"",""mu_BH_a"","
"0","                          ""beta"","
"0","                          ""Sp"",""Rec"",""tot_ln_Rec"",""ln_RS"","
"0","                          ""pi_eta"",""pi_tau"","
"0","                          ""sigma_r"",""sigma_s"",""w"",""res_ln_Rec"","
"0","                          ""lp_age"",""lp_esc"",""phi"",""Run"""
"0","                          )"
"0","  "
"0","          }else{"
"0","            ## params/states to return"
"0","            par_jags <- c(""alpha"",""E_Rkr_a"",""mu_Rkr_a"","
"0","                          ""beta"","
"0","                          ""Sp"",""Rec"",""tot_ln_Rec"",""ln_RS"",""tot_Run"","
"0","                          ""pi_eta"",""pi_tau"","
"0","                          ""sigma_r"",""sigma_s"",""res_ln_Rec"",""w"",""theta_res"",""phi"","
"0","                          ""lp_age"",""lp_esc"",""Run"""
"0","                          )"
"0","  "
"0","            "
"0","          }#endif"
"0","          "
"0","          "
"0","          "
"0","          ## set of multi-covariate models"
"0","          #cset <- colnames(scl_cvrs_forecast)"
"0","          #dat_jags$n_cov <- length(cset)"
"0","          #dat_jags$mod_cvrs <- scl_cvrs_forecast[1:(n_yrs-age_min+1), cset]"
"0","          "
"0","        "
"0","          ## fit model & save it"
"0","          # mod_fits[[t]] <- fit_jags(paste(model,"".txt"",sep = """"), dat_jags, par_jags,"
"0","          #                           init_vals_cov, mcmc_ctrl)"
"0","          mod_fits[[t]]<-fit_jags2(model=paste(model,"".txt"",sep = """"),"
"0","                             data=dat_jags,"
"0","                             params=par_jags,"
"0","                             inits=init_vals,"
"0","                             ctrl=mcmc_ctrl"
"0","                             )"
"0","          saveRDS(mod_fits[[t]], file.path(savedir,paste(model,""_"",""y"",i,""_"",run,"".rds"",sep = """")))"
"0","          summary_stats<-NULL"
"0","          summary_stats<-sum_stats(mcmclist= mod_fits[[t]])"
"0","          write.csv(summary_stats,file.path(savedir, paste(model,""_"",""y"",i,""_summary_stats"",""_"",run,"".csv"",sep = """")))"
"0","          c <- c + 1"
"0","          t <- t + 1"
"0","      }## end if"
"0","      "
"0","    }##next forecast year(i)"
"0","  }## next model(n)"
"0","  return(mod_fits)"
"0","}"
"0",""
