"0","if(!require(""readr"")) {"
"0","  install.packages(""readr"")"
"0","  library(""readr"")"
"0","}"
"0","if(!require(""captioner"")) {"
"0","  devtools::install_github(""adletaw/captioner"")"
"0","  library(""captioner"")"
"0","}"
"0","if(!require(""coda"")) {"
"0","  install.packages(""coda"")"
"0","  library(""coda"")"
"0","}"
"0","if(!require(""here"")) {"
"0","  install.packages(""here"")"
"0","  library(""here"")"
"0","}"
"0","if(!require(""gsl"")) {"
"0","  install.packages(""gsl"")"
"0","  library(""gsl"")"
"0","}"
"0","if(!require(""loo"")) {"
"0","  install.packages(""loo"")"
"0","  library(""loo"")"
"0","}"
"0",""
"0","## set default caption delimter"
"0","fig_cap <- captioner(infix = ""."")"
"0",""
"0","## set directory locations"
"0","datadir <- here(""data"")"
"0","analdir <- here(""analysis"")"
"0","savedir <- here(""analysis/cache"")"
"0",""
"0","## better round/floor/ceiling"
"0","around <- function(x, func = ""round"", prec = 1) {"
"0","  ## `func` can be ""round"", ""floor"", or ""ceiling"""
"0","  ## `prec` is desired precision (eg, 0.1 is to nearest tenth)"
"0","  if(!is.double(x)) {"
"0","    stop(""`x` must be a real number"")"
"0","  }"
"0","  if(!(func %in% c(""round"", ""floor"", ""ceiling""))) {"
"0","    stop(""`func` must be \""round\"", \""floor\"", or \""ceiling\"""")"
"0","  }"
"0","  if(prec <= 0) {"
"0","    stop(""`prec` cannot be less than or equal to 0"")"
"0","  }"
"0","  do.call(func, list(x / prec)) * prec"
"0","}"
"0",""
"0","#load complete model fits & model refits with subset data"
"0","loadmodfits<-function(modelnames){"
"0","  mod_fits<-list(NULL)"
"0","  for(i in 1:length(modelnames)){"
"0","    mod_fits[[i]] <- readRDS(file.path(savedir,paste0(modelnames[i],""_y"",n_forecasts+1,""_"",run,"".rds"")))"
"0","    #mod_fits[[i]] <- readRDS(file.path(savedir,paste0(""fit_"",modelnames[i],"".rds"")))"
"0","  }"
"0","  return(mod_fits)"
"0","}"
"0",""
"0","Re2prec <- function(x,map=""round"",prec=1) {"
"0","## 'map' can be round, floor, or ceiling"
"0","## 'prec' is nearest value (eg, 0.1 means to nearest tenth); default 1 gives normal behavior"
"0","if(prec<=0) { stop(""\""prec\"" cannot be less than or equal to 0"") }"
"0","do.call(map,list(x/prec))*prec"
"0","}"
"0",""
